club,website,program_name,program_url,program_type
Academia de Futbol Tigres,http://socalsoccerleague.org,About,https://www.socalsoccerleague.org/about,Competitive
Academia de Futbol Tigres,http://socalsoccerleague.org,Board of Directors/Technical Committee,https://www.socalsoccerleague.org/board-of-directors-technical-committee,Competitive
Academia de Futbol Tigres,http://socalsoccerleague.org,Becoming SOCAL,https://www.socalsoccerleague.org/becoming-socal,Competitive
Academia de Futbol Tigres,http://socalsoccerleague.org,By-Laws,https://www.socalsoccerleague.org/_files/ugd/c9d1d3_c04df58292864db993c9ec860a0a2133.pdf,Competitive
Academia de Futbol Tigres,http://socalsoccerleague.org,Club Directory,https://system.gotsport.com/org_event/events/43086/clubs,Program
Academia de Futbol Tigres,http://socalsoccerleague.org,Member Club Map,https://www.socalsoccerleague.org/member-club-map,Competitive
Academia de Futbol Tigres,http://socalsoccerleague.org,Partners,https://www.socalsoccerleague.org/partners,Competitive
Academia de Futbol Tigres,http://socalsoccerleague.org,Competitions,https://www.socalsoccerleague.org/competitions,Competitive
Academia de Futbol Tigres,http://socalsoccerleague.org,Fall,https://www.socalsoccerleague.org/fall,Competitive
Academia de Futbol Tigres,http://socalsoccerleague.org,Coaching Education,https://www.socalsoccerleague.org/coaching-education,Competitive
Academia de Futbol Tigres,http://socalsoccerleague.org,Referee Development,https://www.socalsoccerleague.org/referee-development,Competitive
Academia de Futbol Tigres,http://socalsoccerleague.org,2025 Fall Competitive Schedule,https://system.gotsport.com/org_event/events/43086,Competitive
Academia de Futbol Tigres,http://socalsoccerleague.org,2025 Fall Recreational Schedule,https://system.gotsport.com/org_event/events/46401,Recreational
Academia de Futbol Tigres,http://socalsoccerleague.org,2024 Fall Competitive Schedule,https://system.gotsport.com/org_event/events/33123,Competitive
Academia de Futbol Tigres,http://socalsoccerleague.org,2024 Fall Recreation Schedule,https://system.gotsport.com/org_event/events/36734,Recreational
Academia de Futbol Tigres,http://socalsoccerleague.org,Unified Players League,https://www.socalsoccerleague.org/unified-players-league,Competitive
Academia de Futbol Tigres,http://socalsoccerleague.org,Member Tournaments,https://www.socalsoccerleague.org/member-tournaments,Competitive
Academia de Futbol Tigres,http://socalsoccerleague.org,Referee Abuse Policy 531-9,https://www.socalsoccerleague.org/_files/ugd/c9d1d3_3d962f5dad8f434e9cba68f4887847a8.pdf,Competitive
Academia de Futbol Tigres,http://socalsoccerleague.org,SOCAL and ASA 202/27 Transition to NEWCOMP and Future Collaboration Outline,https://www.socalsoccerleague.org/_files/ugd/c9d1d3_eb2d679c32024fa0bed541eb3f9d5a5f.pdf,Competitive
Academia de Futbol Tigres,http://socalsoccerleague.org,SOCAL has teamed up with Trace to offer teams 1 FREE sideline camera and one PRO subscription,https://www.socalsoccerleague.org/_files/ugd/c9d1d3_5c06813983e541e2bc45256d2b9b59f8.pdf,Competitive
Academia de Futbol Tigres,http://socalsoccerleague.org,Age group cut-off update for 2026-27 season,https://www.socalsoccerleague.org/_files/ugd/c9d1d3_bb7364132baf4b7fb3cf27686b43cfc0.pdf,Competitive
AC Brea Soccer,http://socalsoccerleague.org,About,https://www.socalsoccerleague.org/about,Competitive
AC Brea Soccer,http://socalsoccerleague.org,Board of Directors/Technical Committee,https://www.socalsoccerleague.org/board-of-directors-technical-committee,Competitive
AC Brea Soccer,http://socalsoccerleague.org,Becoming SOCAL,https://www.socalsoccerleague.org/becoming-socal,Competitive
AC Brea Soccer,http://socalsoccerleague.org,By-Laws,https://www.socalsoccerleague.org/_files/ugd/c9d1d3_c04df58292864db993c9ec860a0a2133.pdf,Competitive
AC Brea Soccer,http://socalsoccerleague.org,Club Directory,https://system.gotsport.com/org_event/events/43086/clubs,Program
AC Brea Soccer,http://socalsoccerleague.org,Member Club Map,https://www.socalsoccerleague.org/member-club-map,Competitive
AC Brea Soccer,http://socalsoccerleague.org,Partners,https://www.socalsoccerleague.org/partners,Competitive
AC Brea Soccer,http://socalsoccerleague.org,Competitions,https://www.socalsoccerleague.org/competitions,Competitive
AC Brea Soccer,http://socalsoccerleague.org,Fall,https://www.socalsoccerleague.org/fall,Competitive
AC Brea Soccer,http://socalsoccerleague.org,Coaching Education,https://www.socalsoccerleague.org/coaching-education,Competitive
AC Brea Soccer,http://socalsoccerleague.org,Referee Development,https://www.socalsoccerleague.org/referee-development,Competitive
AC Brea Soccer,http://socalsoccerleague.org,2025 Fall Competitive Schedule,https://system.gotsport.com/org_event/events/43086,Competitive
AC Brea Soccer,http://socalsoccerleague.org,2025 Fall Recreational Schedule,https://system.gotsport.com/org_event/events/46401,Recreational
AC Brea Soccer,http://socalsoccerleague.org,2024 Fall Competitive Schedule,https://system.gotsport.com/org_event/events/33123,Competitive
AC Brea Soccer,http://socalsoccerleague.org,2024 Fall Recreation Schedule,https://system.gotsport.com/org_event/events/36734,Recreational
AC Brea Soccer,http://socalsoccerleague.org,Unified Players League,https://www.socalsoccerleague.org/unified-players-league,Competitive
AC Brea Soccer,http://socalsoccerleague.org,Member Tournaments,https://www.socalsoccerleague.org/member-tournaments,Competitive
AC Brea Soccer,http://socalsoccerleague.org,Referee Abuse Policy 531-9,https://www.socalsoccerleague.org/_files/ugd/c9d1d3_3d962f5dad8f434e9cba68f4887847a8.pdf,Competitive
AC Brea Soccer,http://socalsoccerleague.org,SOCAL and ASA 202/27 Transition to NEWCOMP and Future Collaboration Outline,https://www.socalsoccerleague.org/_files/ugd/c9d1d3_eb2d679c32024fa0bed541eb3f9d5a5f.pdf,Competitive
AC Brea Soccer,http://socalsoccerleague.org,SOCAL has teamed up with Trace to offer teams 1 FREE sideline camera and one PRO subscription,https://www.socalsoccerleague.org/_files/ugd/c9d1d3_5c06813983e541e2bc45256d2b9b59f8.pdf,Competitive
AC Brea Soccer,http://socalsoccerleague.org,Age group cut-off update for 2026-27 season,https://www.socalsoccerleague.org/_files/ugd/c9d1d3_bb7364132baf4b7fb3cf27686b43cfc0.pdf,Competitive
ALBION SC Riverside,http://socalsoccerleague.org,About,https://www.socalsoccerleague.org/about,Competitive
ALBION SC Riverside,http://socalsoccerleague.org,Board of Directors/Technical Committee,https://www.socalsoccerleague.org/board-of-directors-technical-committee,Competitive
ALBION SC Riverside,http://socalsoccerleague.org,Becoming SOCAL,https://www.socalsoccerleague.org/becoming-socal,Competitive
ALBION SC Riverside,http://socalsoccerleague.org,By-Laws,https://www.socalsoccerleague.org/_files/ugd/c9d1d3_c04df58292864db993c9ec860a0a2133.pdf,Competitive
ALBION SC Riverside,http://socalsoccerleague.org,Club Directory,https://system.gotsport.com/org_event/events/43086/clubs,Program
ALBION SC Riverside,http://socalsoccerleague.org,Member Club Map,https://www.socalsoccerleague.org/member-club-map,Competitive
ALBION SC Riverside,http://socalsoccerleague.org,Partners,https://www.socalsoccerleague.org/partners,Competitive
ALBION SC Riverside,http://socalsoccerleague.org,Competitions,https://www.socalsoccerleague.org/competitions,Competitive
ALBION SC Riverside,http://socalsoccerleague.org,Fall,https://www.socalsoccerleague.org/fall,Competitive
ALBION SC Riverside,http://socalsoccerleague.org,Coaching Education,https://www.socalsoccerleague.org/coaching-education,Competitive
ALBION SC Riverside,http://socalsoccerleague.org,Referee Development,https://www.socalsoccerleague.org/referee-development,Competitive
ALBION SC Riverside,http://socalsoccerleague.org,2025 Fall Competitive Schedule,https://system.gotsport.com/org_event/events/43086,Competitive
ALBION SC Riverside,http://socalsoccerleague.org,2025 Fall Recreational Schedule,https://system.gotsport.com/org_event/events/46401,Recreational
ALBION SC Riverside,http://socalsoccerleague.org,2024 Fall Competitive Schedule,https://system.gotsport.com/org_event/events/33123,Competitive
ALBION SC Riverside,http://socalsoccerleague.org,2024 Fall Recreation Schedule,https://system.gotsport.com/org_event/events/36734,Recreational
ALBION SC Riverside,http://socalsoccerleague.org,Unified Players League,https://www.socalsoccerleague.org/unified-players-league,Competitive
ALBION SC Riverside,http://socalsoccerleague.org,Member Tournaments,https://www.socalsoccerleague.org/member-tournaments,Competitive
ALBION SC Riverside,http://socalsoccerleague.org,Referee Abuse Policy 531-9,https://www.socalsoccerleague.org/_files/ugd/c9d1d3_3d962f5dad8f434e9cba68f4887847a8.pdf,Competitive
ALBION SC Riverside,http://socalsoccerleague.org,SOCAL and ASA 202/27 Transition to NEWCOMP and Future Collaboration Outline,https://www.socalsoccerleague.org/_files/ugd/c9d1d3_eb2d679c32024fa0bed541eb3f9d5a5f.pdf,Competitive
ALBION SC Riverside,http://socalsoccerleague.org,SOCAL has teamed up with Trace to offer teams 1 FREE sideline camera and one PRO subscription,https://www.socalsoccerleague.org/_files/ugd/c9d1d3_5c06813983e541e2bc45256d2b9b59f8.pdf,Competitive
ALBION SC Riverside,http://socalsoccerleague.org,Age group cut-off update for 2026-27 season,https://www.socalsoccerleague.org/_files/ugd/c9d1d3_bb7364132baf4b7fb3cf27686b43cfc0.pdf,Competitive
ALBION SC San Diego,http://socalsoccerleague.org,About,https://www.socalsoccerleague.org/about,Competitive
ALBION SC San Diego,http://socalsoccerleague.org,Board of Directors/Technical Committee,https://www.socalsoccerleague.org/board-of-directors-technical-committee,Competitive
ALBION SC San Diego,http://socalsoccerleague.org,Becoming SOCAL,https://www.socalsoccerleague.org/becoming-socal,Competitive
ALBION SC San Diego,http://socalsoccerleague.org,By-Laws,https://www.socalsoccerleague.org/_files/ugd/c9d1d3_c04df58292864db993c9ec860a0a2133.pdf,Competitive
ALBION SC San Diego,http://socalsoccerleague.org,Club Directory,https://system.gotsport.com/org_event/events/43086/clubs,Program
ALBION SC San Diego,http://socalsoccerleague.org,Member Club Map,https://www.socalsoccerleague.org/member-club-map,Competitive
ALBION SC San Diego,http://socalsoccerleague.org,Partners,https://www.socalsoccerleague.org/partners,Competitive
ALBION SC San Diego,http://socalsoccerleague.org,Competitions,https://www.socalsoccerleague.org/competitions,Competitive
ALBION SC San Diego,http://socalsoccerleague.org,Fall,https://www.socalsoccerleague.org/fall,Competitive
ALBION SC San Diego,http://socalsoccerleague.org,Coaching Education,https://www.socalsoccerleague.org/coaching-education,Competitive
ALBION SC San Diego,http://socalsoccerleague.org,Referee Development,https://www.socalsoccerleague.org/referee-development,Competitive
ALBION SC San Diego,http://socalsoccerleague.org,2025 Fall Competitive Schedule,https://system.gotsport.com/org_event/events/43086,Competitive
ALBION SC San Diego,http://socalsoccerleague.org,2025 Fall Recreational Schedule,https://system.gotsport.com/org_event/events/46401,Recreational
ALBION SC San Diego,http://socalsoccerleague.org,2024 Fall Competitive Schedule,https://system.gotsport.com/org_event/events/33123,Competitive
ALBION SC San Diego,http://socalsoccerleague.org,2024 Fall Recreation Schedule,https://system.gotsport.com/org_event/events/36734,Recreational
ALBION SC San Diego,http://socalsoccerleague.org,Unified Players League,https://www.socalsoccerleague.org/unified-players-league,Competitive
ALBION SC San Diego,http://socalsoccerleague.org,Member Tournaments,https://www.socalsoccerleague.org/member-tournaments,Competitive
ALBION SC San Diego,http://socalsoccerleague.org,Referee Abuse Policy 531-9,https://www.socalsoccerleague.org/_files/ugd/c9d1d3_3d962f5dad8f434e9cba68f4887847a8.pdf,Competitive
ALBION SC San Diego,http://socalsoccerleague.org,SOCAL and ASA 202/27 Transition to NEWCOMP and Future Collaboration Outline,https://www.socalsoccerleague.org/_files/ugd/c9d1d3_eb2d679c32024fa0bed541eb3f9d5a5f.pdf,Competitive
ALBION SC San Diego,http://socalsoccerleague.org,SOCAL has teamed up with Trace to offer teams 1 FREE sideline camera and one PRO subscription,https://www.socalsoccerleague.org/_files/ugd/c9d1d3_5c06813983e541e2bc45256d2b9b59f8.pdf,Competitive
ALBION SC San Diego,http://socalsoccerleague.org,Age group cut-off update for 2026-27 season,https://www.socalsoccerleague.org/_files/ugd/c9d1d3_bb7364132baf4b7fb3cf27686b43cfc0.pdf,Competitive
ALBION SC Santa Ana,http://socalsoccerleague.org,About,https://www.socalsoccerleague.org/about,Competitive
ALBION SC Santa Ana,http://socalsoccerleague.org,Board of Directors/Technical Committee,https://www.socalsoccerleague.org/board-of-directors-technical-committee,Competitive
ALBION SC Santa Ana,http://socalsoccerleague.org,Becoming SOCAL,https://www.socalsoccerleague.org/becoming-socal,Competitive
ALBION SC Santa Ana,http://socalsoccerleague.org,By-Laws,https://www.socalsoccerleague.org/_files/ugd/c9d1d3_c04df58292864db993c9ec860a0a2133.pdf,Competitive
ALBION SC Santa Ana,http://socalsoccerleague.org,Club Directory,https://system.gotsport.com/org_event/events/43086/clubs,Program
ALBION SC Santa Ana,http://socalsoccerleague.org,Member Club Map,https://www.socalsoccerleague.org/member-club-map,Competitive
ALBION SC Santa Ana,http://socalsoccerleague.org,Partners,https://www.socalsoccerleague.org/partners,Competitive
ALBION SC Santa Ana,http://socalsoccerleague.org,Competitions,https://www.socalsoccerleague.org/competitions,Competitive
ALBION SC Santa Ana,http://socalsoccerleague.org,Fall,https://www.socalsoccerleague.org/fall,Competitive
ALBION SC Santa Ana,http://socalsoccerleague.org,Coaching Education,https://www.socalsoccerleague.org/coaching-education,Competitive
ALBION SC Santa Ana,http://socalsoccerleague.org,Referee Development,https://www.socalsoccerleague.org/referee-development,Competitive
ALBION SC Santa Ana,http://socalsoccerleague.org,2025 Fall Competitive Schedule,https://system.gotsport.com/org_event/events/43086,Competitive
ALBION SC Santa Ana,http://socalsoccerleague.org,2025 Fall Recreational Schedule,https://system.gotsport.com/org_event/events/46401,Recreational
ALBION SC Santa Ana,http://socalsoccerleague.org,2024 Fall Competitive Schedule,https://system.gotsport.com/org_event/events/33123,Competitive
ALBION SC Santa Ana,http://socalsoccerleague.org,2024 Fall Recreation Schedule,https://system.gotsport.com/org_event/events/36734,Recreational
ALBION SC Santa Ana,http://socalsoccerleague.org,Unified Players League,https://www.socalsoccerleague.org/unified-players-league,Competitive
ALBION SC Santa Ana,http://socalsoccerleague.org,Member Tournaments,https://www.socalsoccerleague.org/member-tournaments,Competitive
ALBION SC Santa Ana,http://socalsoccerleague.org,Referee Abuse Policy 531-9,https://www.socalsoccerleague.org/_files/ugd/c9d1d3_3d962f5dad8f434e9cba68f4887847a8.pdf,Competitive
ALBION SC Santa Ana,http://socalsoccerleague.org,SOCAL and ASA 202/27 Transition to NEWCOMP and Future Collaboration Outline,https://www.socalsoccerleague.org/_files/ugd/c9d1d3_eb2d679c32024fa0bed541eb3f9d5a5f.pdf,Competitive
ALBION SC Santa Ana,http://socalsoccerleague.org,SOCAL has teamed up with Trace to offer teams 1 FREE sideline camera and one PRO subscription,https://www.socalsoccerleague.org/_files/ugd/c9d1d3_5c06813983e541e2bc45256d2b9b59f8.pdf,Competitive
ALBION SC Santa Ana,http://socalsoccerleague.org,Age group cut-off update for 2026-27 season,https://www.socalsoccerleague.org/_files/ugd/c9d1d3_bb7364132baf4b7fb3cf27686b43cfc0.pdf,Competitive
ALBION SC Santa Monica,http://socalsoccerleague.org,About,https://www.socalsoccerleague.org/about,Competitive
ALBION SC Santa Monica,http://socalsoccerleague.org,Board of Directors/Technical Committee,https://www.socalsoccerleague.org/board-of-directors-technical-committee,Competitive
ALBION SC Santa Monica,http://socalsoccerleague.org,Becoming SOCAL,https://www.socalsoccerleague.org/becoming-socal,Competitive
ALBION SC Santa Monica,http://socalsoccerleague.org,By-Laws,https://www.socalsoccerleague.org/_files/ugd/c9d1d3_c04df58292864db993c9ec860a0a2133.pdf,Competitive
ALBION SC Santa Monica,http://socalsoccerleague.org,Club Directory,https://system.gotsport.com/org_event/events/43086/clubs,Program
ALBION SC Santa Monica,http://socalsoccerleague.org,Member Club Map,https://www.socalsoccerleague.org/member-club-map,Competitive
ALBION SC Santa Monica,http://socalsoccerleague.org,Partners,https://www.socalsoccerleague.org/partners,Competitive
ALBION SC Santa Monica,http://socalsoccerleague.org,Competitions,https://www.socalsoccerleague.org/competitions,Competitive
ALBION SC Santa Monica,http://socalsoccerleague.org,Fall,https://www.socalsoccerleague.org/fall,Competitive
ALBION SC Santa Monica,http://socalsoccerleague.org,Coaching Education,https://www.socalsoccerleague.org/coaching-education,Competitive
ALBION SC Santa Monica,http://socalsoccerleague.org,Referee Development,https://www.socalsoccerleague.org/referee-development,Competitive
ALBION SC Santa Monica,http://socalsoccerleague.org,2025 Fall Competitive Schedule,https://system.gotsport.com/org_event/events/43086,Competitive
ALBION SC Santa Monica,http://socalsoccerleague.org,2025 Fall Recreational Schedule,https://system.gotsport.com/org_event/events/46401,Recreational
ALBION SC Santa Monica,http://socalsoccerleague.org,2024 Fall Competitive Schedule,https://system.gotsport.com/org_event/events/33123,Competitive
ALBION SC Santa Monica,http://socalsoccerleague.org,2024 Fall Recreation Schedule,https://system.gotsport.com/org_event/events/36734,Recreational
ALBION SC Santa Monica,http://socalsoccerleague.org,Unified Players League,https://www.socalsoccerleague.org/unified-players-league,Competitive
ALBION SC Santa Monica,http://socalsoccerleague.org,Member Tournaments,https://www.socalsoccerleague.org/member-tournaments,Competitive
ALBION SC Santa Monica,http://socalsoccerleague.org,Referee Abuse Policy 531-9,https://www.socalsoccerleague.org/_files/ugd/c9d1d3_3d962f5dad8f434e9cba68f4887847a8.pdf,Competitive
ALBION SC Santa Monica,http://socalsoccerleague.org,SOCAL and ASA 202/27 Transition to NEWCOMP and Future Collaboration Outline,https://www.socalsoccerleague.org/_files/ugd/c9d1d3_eb2d679c32024fa0bed541eb3f9d5a5f.pdf,Competitive
ALBION SC Santa Monica,http://socalsoccerleague.org,SOCAL has teamed up with Trace to offer teams 1 FREE sideline camera and one PRO subscription,https://www.socalsoccerleague.org/_files/ugd/c9d1d3_5c06813983e541e2bc45256d2b9b59f8.pdf,Competitive
ALBION SC Santa Monica,http://socalsoccerleague.org,Age group cut-off update for 2026-27 season,https://www.socalsoccerleague.org/_files/ugd/c9d1d3_bb7364132baf4b7fb3cf27686b43cfc0.pdf,Competitive
Anaheim Futbol Club,http://socalsoccerleague.org,About,https://www.socalsoccerleague.org/about,Competitive
Anaheim Futbol Club,http://socalsoccerleague.org,Board of Directors/Technical Committee,https://www.socalsoccerleague.org/board-of-directors-technical-committee,Competitive
Anaheim Futbol Club,http://socalsoccerleague.org,Becoming SOCAL,https://www.socalsoccerleague.org/becoming-socal,Competitive
Anaheim Futbol Club,http://socalsoccerleague.org,By-Laws,https://www.socalsoccerleague.org/_files/ugd/c9d1d3_c04df58292864db993c9ec860a0a2133.pdf,Competitive
Anaheim Futbol Club,http://socalsoccerleague.org,Club Directory,https://system.gotsport.com/org_event/events/43086/clubs,Program
Anaheim Futbol Club,http://socalsoccerleague.org,Member Club Map,https://www.socalsoccerleague.org/member-club-map,Competitive
Anaheim Futbol Club,http://socalsoccerleague.org,Partners,https://www.socalsoccerleague.org/partners,Competitive
Anaheim Futbol Club,http://socalsoccerleague.org,Competitions,https://www.socalsoccerleague.org/competitions,Competitive
Anaheim Futbol Club,http://socalsoccerleague.org,Fall,https://www.socalsoccerleague.org/fall,Competitive
Anaheim Futbol Club,http://socalsoccerleague.org,Coaching Education,https://www.socalsoccerleague.org/coaching-education,Competitive
Anaheim Futbol Club,http://socalsoccerleague.org,Referee Development,https://www.socalsoccerleague.org/referee-development,Competitive
Anaheim Futbol Club,http://socalsoccerleague.org,2025 Fall Competitive Schedule,https://system.gotsport.com/org_event/events/43086,Competitive
Anaheim Futbol Club,http://socalsoccerleague.org,2025 Fall Recreational Schedule,https://system.gotsport.com/org_event/events/46401,Recreational
Anaheim Futbol Club,http://socalsoccerleague.org,2024 Fall Competitive Schedule,https://system.gotsport.com/org_event/events/33123,Competitive
Anaheim Futbol Club,http://socalsoccerleague.org,2024 Fall Recreation Schedule,https://system.gotsport.com/org_event/events/36734,Recreational
Anaheim Futbol Club,http://socalsoccerleague.org,Unified Players League,https://www.socalsoccerleague.org/unified-players-league,Competitive
Anaheim Futbol Club,http://socalsoccerleague.org,Member Tournaments,https://www.socalsoccerleague.org/member-tournaments,Competitive
Anaheim Futbol Club,http://socalsoccerleague.org,Referee Abuse Policy 531-9,https://www.socalsoccerleague.org/_files/ugd/c9d1d3_3d962f5dad8f434e9cba68f4887847a8.pdf,Competitive
Anaheim Futbol Club,http://socalsoccerleague.org,SOCAL and ASA 202/27 Transition to NEWCOMP and Future Collaboration Outline,https://www.socalsoccerleague.org/_files/ugd/c9d1d3_eb2d679c32024fa0bed541eb3f9d5a5f.pdf,Competitive
Anaheim Futbol Club,http://socalsoccerleague.org,SOCAL has teamed up with Trace to offer teams 1 FREE sideline camera and one PRO subscription,https://www.socalsoccerleague.org/_files/ugd/c9d1d3_5c06813983e541e2bc45256d2b9b59f8.pdf,Competitive
Anaheim Futbol Club,http://socalsoccerleague.org,Age group cut-off update for 2026-27 season,https://www.socalsoccerleague.org/_files/ugd/c9d1d3_bb7364132baf4b7fb3cf27686b43cfc0.pdf,Competitive
Antelope Valley Futbol Club,http://socalsoccerleague.org,About,https://www.socalsoccerleague.org/about,Competitive
Antelope Valley Futbol Club,http://socalsoccerleague.org,Board of Directors/Technical Committee,https://www.socalsoccerleague.org/board-of-directors-technical-committee,Competitive
Antelope Valley Futbol Club,http://socalsoccerleague.org,Becoming SOCAL,https://www.socalsoccerleague.org/becoming-socal,Competitive
Antelope Valley Futbol Club,http://socalsoccerleague.org,By-Laws,https://www.socalsoccerleague.org/_files/ugd/c9d1d3_c04df58292864db993c9ec860a0a2133.pdf,Competitive
Antelope Valley Futbol Club,http://socalsoccerleague.org,Club Directory,https://system.gotsport.com/org_event/events/43086/clubs,Program
Antelope Valley Futbol Club,http://socalsoccerleague.org,Member Club Map,https://www.socalsoccerleague.org/member-club-map,Competitive
Antelope Valley Futbol Club,http://socalsoccerleague.org,Partners,https://www.socalsoccerleague.org/partners,Competitive
Antelope Valley Futbol Club,http://socalsoccerleague.org,Competitions,https://www.socalsoccerleague.org/competitions,Competitive
Antelope Valley Futbol Club,http://socalsoccerleague.org,Fall,https://www.socalsoccerleague.org/fall,Competitive
Antelope Valley Futbol Club,http://socalsoccerleague.org,Coaching Education,https://www.socalsoccerleague.org/coaching-education,Competitive
Antelope Valley Futbol Club,http://socalsoccerleague.org,Referee Development,https://www.socalsoccerleague.org/referee-development,Competitive
Antelope Valley Futbol Club,http://socalsoccerleague.org,2025 Fall Competitive Schedule,https://system.gotsport.com/org_event/events/43086,Competitive
Antelope Valley Futbol Club,http://socalsoccerleague.org,2025 Fall Recreational Schedule,https://system.gotsport.com/org_event/events/46401,Recreational
Antelope Valley Futbol Club,http://socalsoccerleague.org,2024 Fall Competitive Schedule,https://system.gotsport.com/org_event/events/33123,Competitive
Antelope Valley Futbol Club,http://socalsoccerleague.org,2024 Fall Recreation Schedule,https://system.gotsport.com/org_event/events/36734,Recreational
Antelope Valley Futbol Club,http://socalsoccerleague.org,Unified Players League,https://www.socalsoccerleague.org/unified-players-league,Competitive
Antelope Valley Futbol Club,http://socalsoccerleague.org,Member Tournaments,https://www.socalsoccerleague.org/member-tournaments,Competitive
Antelope Valley Futbol Club,http://socalsoccerleague.org,Referee Abuse Policy 531-9,https://www.socalsoccerleague.org/_files/ugd/c9d1d3_3d962f5dad8f434e9cba68f4887847a8.pdf,Competitive
Antelope Valley Futbol Club,http://socalsoccerleague.org,SOCAL and ASA 202/27 Transition to NEWCOMP and Future Collaboration Outline,https://www.socalsoccerleague.org/_files/ugd/c9d1d3_eb2d679c32024fa0bed541eb3f9d5a5f.pdf,Competitive
Antelope Valley Futbol Club,http://socalsoccerleague.org,SOCAL has teamed up with Trace to offer teams 1 FREE sideline camera and one PRO subscription,https://www.socalsoccerleague.org/_files/ugd/c9d1d3_5c06813983e541e2bc45256d2b9b59f8.pdf,Competitive
Antelope Valley Futbol Club,http://socalsoccerleague.org,Age group cut-off update for 2026-27 season,https://www.socalsoccerleague.org/_files/ugd/c9d1d3_bb7364132baf4b7fb3cf27686b43cfc0.pdf,Competitive
Apple Valley SC Storm,http://socalsoccerleague.org,About,https://www.socalsoccerleague.org/about,Competitive
Apple Valley SC Storm,http://socalsoccerleague.org,Board of Directors/Technical Committee,https://www.socalsoccerleague.org/board-of-directors-technical-committee,Competitive
Apple Valley SC Storm,http://socalsoccerleague.org,Becoming SOCAL,https://www.socalsoccerleague.org/becoming-socal,Competitive
Apple Valley SC Storm,http://socalsoccerleague.org,By-Laws,https://www.socalsoccerleague.org/_files/ugd/c9d1d3_c04df58292864db993c9ec860a0a2133.pdf,Competitive
Apple Valley SC Storm,http://socalsoccerleague.org,Club Directory,https://system.gotsport.com/org_event/events/43086/clubs,Program
Apple Valley SC Storm,http://socalsoccerleague.org,Member Club Map,https://www.socalsoccerleague.org/member-club-map,Competitive
Apple Valley SC Storm,http://socalsoccerleague.org,Partners,https://www.socalsoccerleague.org/partners,Competitive
Apple Valley SC Storm,http://socalsoccerleague.org,Competitions,https://www.socalsoccerleague.org/competitions,Competitive
Apple Valley SC Storm,http://socalsoccerleague.org,Fall,https://www.socalsoccerleague.org/fall,Competitive
Apple Valley SC Storm,http://socalsoccerleague.org,Coaching Education,https://www.socalsoccerleague.org/coaching-education,Competitive
Apple Valley SC Storm,http://socalsoccerleague.org,Referee Development,https://www.socalsoccerleague.org/referee-development,Competitive
Apple Valley SC Storm,http://socalsoccerleague.org,2025 Fall Competitive Schedule,https://system.gotsport.com/org_event/events/43086,Competitive
Apple Valley SC Storm,http://socalsoccerleague.org,2025 Fall Recreational Schedule,https://system.gotsport.com/org_event/events/46401,Recreational
Apple Valley SC Storm,http://socalsoccerleague.org,2024 Fall Competitive Schedule,https://system.gotsport.com/org_event/events/33123,Competitive
Apple Valley SC Storm,http://socalsoccerleague.org,2024 Fall Recreation Schedule,https://system.gotsport.com/org_event/events/36734,Recreational
Apple Valley SC Storm,http://socalsoccerleague.org,Unified Players League,https://www.socalsoccerleague.org/unified-players-league,Competitive
Apple Valley SC Storm,http://socalsoccerleague.org,Member Tournaments,https://www.socalsoccerleague.org/member-tournaments,Competitive
Apple Valley SC Storm,http://socalsoccerleague.org,Referee Abuse Policy 531-9,https://www.socalsoccerleague.org/_files/ugd/c9d1d3_3d962f5dad8f434e9cba68f4887847a8.pdf,Competitive
Apple Valley SC Storm,http://socalsoccerleague.org,SOCAL and ASA 202/27 Transition to NEWCOMP and Future Collaboration Outline,https://www.socalsoccerleague.org/_files/ugd/c9d1d3_eb2d679c32024fa0bed541eb3f9d5a5f.pdf,Competitive
Apple Valley SC Storm,http://socalsoccerleague.org,SOCAL has teamed up with Trace to offer teams 1 FREE sideline camera and one PRO subscription,https://www.socalsoccerleague.org/_files/ugd/c9d1d3_5c06813983e541e2bc45256d2b9b59f8.pdf,Competitive
Apple Valley SC Storm,http://socalsoccerleague.org,Age group cut-off update for 2026-27 season,https://www.socalsoccerleague.org/_files/ugd/c9d1d3_bb7364132baf4b7fb3cf27686b43cfc0.pdf,Competitive
Athletic Soccer Club,http://socalsoccerleague.org,About,https://www.socalsoccerleague.org/about,Competitive
Athletic Soccer Club,http://socalsoccerleague.org,Board of Directors/Technical Committee,https://www.socalsoccerleague.org/board-of-directors-technical-committee,Competitive
Athletic Soccer Club,http://socalsoccerleague.org,Becoming SOCAL,https://www.socalsoccerleague.org/becoming-socal,Competitive
Athletic Soccer Club,http://socalsoccerleague.org,By-Laws,https://www.socalsoccerleague.org/_files/ugd/c9d1d3_c04df58292864db993c9ec860a0a2133.pdf,Competitive
Athletic Soccer Club,http://socalsoccerleague.org,Club Directory,https://system.gotsport.com/org_event/events/43086/clubs,Program
Athletic Soccer Club,http://socalsoccerleague.org,Member Club Map,https://www.socalsoccerleague.org/member-club-map,Competitive
Athletic Soccer Club,http://socalsoccerleague.org,Partners,https://www.socalsoccerleague.org/partners,Competitive
Athletic Soccer Club,http://socalsoccerleague.org,Competitions,https://www.socalsoccerleague.org/competitions,Competitive
Athletic Soccer Club,http://socalsoccerleague.org,Fall,https://www.socalsoccerleague.org/fall,Competitive
Athletic Soccer Club,http://socalsoccerleague.org,Coaching Education,https://www.socalsoccerleague.org/coaching-education,Competitive
Athletic Soccer Club,http://socalsoccerleague.org,Referee Development,https://www.socalsoccerleague.org/referee-development,Competitive
Athletic Soccer Club,http://socalsoccerleague.org,2025 Fall Competitive Schedule,https://system.gotsport.com/org_event/events/43086,Competitive
Athletic Soccer Club,http://socalsoccerleague.org,2025 Fall Recreational Schedule,https://system.gotsport.com/org_event/events/46401,Recreational
Athletic Soccer Club,http://socalsoccerleague.org,2024 Fall Competitive Schedule,https://system.gotsport.com/org_event/events/33123,Competitive
Athletic Soccer Club,http://socalsoccerleague.org,2024 Fall Recreation Schedule,https://system.gotsport.com/org_event/events/36734,Recreational
Athletic Soccer Club,http://socalsoccerleague.org,Unified Players League,https://www.socalsoccerleague.org/unified-players-league,Competitive
Athletic Soccer Club,http://socalsoccerleague.org,Member Tournaments,https://www.socalsoccerleague.org/member-tournaments,Competitive
Athletic Soccer Club,http://socalsoccerleague.org,Referee Abuse Policy 531-9,https://www.socalsoccerleague.org/_files/ugd/c9d1d3_3d962f5dad8f434e9cba68f4887847a8.pdf,Competitive
Athletic Soccer Club,http://socalsoccerleague.org,SOCAL and ASA 202/27 Transition to NEWCOMP and Future Collaboration Outline,https://www.socalsoccerleague.org/_files/ugd/c9d1d3_eb2d679c32024fa0bed541eb3f9d5a5f.pdf,Competitive
Athletic Soccer Club,http://socalsoccerleague.org,SOCAL has teamed up with Trace to offer teams 1 FREE sideline camera and one PRO subscription,https://www.socalsoccerleague.org/_files/ugd/c9d1d3_5c06813983e541e2bc45256d2b9b59f8.pdf,Competitive
Athletic Soccer Club,http://socalsoccerleague.org,Age group cut-off update for 2026-27 season,https://www.socalsoccerleague.org/_files/ugd/c9d1d3_bb7364132baf4b7fb3cf27686b43cfc0.pdf,Competitive
Aztecs FC,http://socalsoccerleague.org,About,https://www.socalsoccerleague.org/about,Competitive
Aztecs FC,http://socalsoccerleague.org,Board of Directors/Technical Committee,https://www.socalsoccerleague.org/board-of-directors-technical-committee,Competitive
Aztecs FC,http://socalsoccerleague.org,Becoming SOCAL,https://www.socalsoccerleague.org/becoming-socal,Competitive
Aztecs FC,http://socalsoccerleague.org,By-Laws,https://www.socalsoccerleague.org/_files/ugd/c9d1d3_c04df58292864db993c9ec860a0a2133.pdf,Competitive
Aztecs FC,http://socalsoccerleague.org,Club Directory,https://system.gotsport.com/org_event/events/43086/clubs,Program
Aztecs FC,http://socalsoccerleague.org,Member Club Map,https://www.socalsoccerleague.org/member-club-map,Competitive
Aztecs FC,http://socalsoccerleague.org,Partners,https://www.socalsoccerleague.org/partners,Competitive
Aztecs FC,http://socalsoccerleague.org,Competitions,https://www.socalsoccerleague.org/competitions,Competitive
Aztecs FC,http://socalsoccerleague.org,Fall,https://www.socalsoccerleague.org/fall,Competitive
Aztecs FC,http://socalsoccerleague.org,Coaching Education,https://www.socalsoccerleague.org/coaching-education,Competitive
Aztecs FC,http://socalsoccerleague.org,Referee Development,https://www.socalsoccerleague.org/referee-development,Competitive
Aztecs FC,http://socalsoccerleague.org,2025 Fall Competitive Schedule,https://system.gotsport.com/org_event/events/43086,Competitive
Aztecs FC,http://socalsoccerleague.org,2025 Fall Recreational Schedule,https://system.gotsport.com/org_event/events/46401,Recreational
Aztecs FC,http://socalsoccerleague.org,2024 Fall Competitive Schedule,https://system.gotsport.com/org_event/events/33123,Competitive
Aztecs FC,http://socalsoccerleague.org,2024 Fall Recreation Schedule,https://system.gotsport.com/org_event/events/36734,Recreational
Aztecs FC,http://socalsoccerleague.org,Unified Players League,https://www.socalsoccerleague.org/unified-players-league,Competitive
Aztecs FC,http://socalsoccerleague.org,Member Tournaments,https://www.socalsoccerleague.org/member-tournaments,Competitive
Aztecs FC,http://socalsoccerleague.org,Referee Abuse Policy 531-9,https://www.socalsoccerleague.org/_files/ugd/c9d1d3_3d962f5dad8f434e9cba68f4887847a8.pdf,Competitive
Aztecs FC,http://socalsoccerleague.org,SOCAL and ASA 202/27 Transition to NEWCOMP and Future Collaboration Outline,https://www.socalsoccerleague.org/_files/ugd/c9d1d3_eb2d679c32024fa0bed541eb3f9d5a5f.pdf,Competitive
Aztecs FC,http://socalsoccerleague.org,SOCAL has teamed up with Trace to offer teams 1 FREE sideline camera and one PRO subscription,https://www.socalsoccerleague.org/_files/ugd/c9d1d3_5c06813983e541e2bc45256d2b9b59f8.pdf,Competitive
Aztecs FC,http://socalsoccerleague.org,Age group cut-off update for 2026-27 season,https://www.socalsoccerleague.org/_files/ugd/c9d1d3_bb7364132baf4b7fb3cf27686b43cfc0.pdf,Competitive
Bakersfield Alliance,http://socalsoccerleague.org,About,https://www.socalsoccerleague.org/about,Competitive
Bakersfield Alliance,http://socalsoccerleague.org,Board of Directors/Technical Committee,https://www.socalsoccerleague.org/board-of-directors-technical-committee,Competitive
Bakersfield Alliance,http://socalsoccerleague.org,Becoming SOCAL,https://www.socalsoccerleague.org/becoming-socal,Competitive
Bakersfield Alliance,http://socalsoccerleague.org,By-Laws,https://www.socalsoccerleague.org/_files/ugd/c9d1d3_c04df58292864db993c9ec860a0a2133.pdf,Competitive
Bakersfield Alliance,http://socalsoccerleague.org,Club Directory,https://system.gotsport.com/org_event/events/43086/clubs,Program
Bakersfield Alliance,http://socalsoccerleague.org,Member Club Map,https://www.socalsoccerleague.org/member-club-map,Competitive
Bakersfield Alliance,http://socalsoccerleague.org,Partners,https://www.socalsoccerleague.org/partners,Competitive
Bakersfield Alliance,http://socalsoccerleague.org,Competitions,https://www.socalsoccerleague.org/competitions,Competitive
Bakersfield Alliance,http://socalsoccerleague.org,Fall,https://www.socalsoccerleague.org/fall,Competitive
Bakersfield Alliance,http://socalsoccerleague.org,Coaching Education,https://www.socalsoccerleague.org/coaching-education,Competitive
Bakersfield Alliance,http://socalsoccerleague.org,Referee Development,https://www.socalsoccerleague.org/referee-development,Competitive
Bakersfield Alliance,http://socalsoccerleague.org,2025 Fall Competitive Schedule,https://system.gotsport.com/org_event/events/43086,Competitive
Bakersfield Alliance,http://socalsoccerleague.org,2025 Fall Recreational Schedule,https://system.gotsport.com/org_event/events/46401,Recreational
Bakersfield Alliance,http://socalsoccerleague.org,2024 Fall Competitive Schedule,https://system.gotsport.com/org_event/events/33123,Competitive
Bakersfield Alliance,http://socalsoccerleague.org,2024 Fall Recreation Schedule,https://system.gotsport.com/org_event/events/36734,Recreational
Bakersfield Alliance,http://socalsoccerleague.org,Unified Players League,https://www.socalsoccerleague.org/unified-players-league,Competitive
Bakersfield Alliance,http://socalsoccerleague.org,Member Tournaments,https://www.socalsoccerleague.org/member-tournaments,Competitive
Bakersfield Alliance,http://socalsoccerleague.org,Referee Abuse Policy 531-9,https://www.socalsoccerleague.org/_files/ugd/c9d1d3_3d962f5dad8f434e9cba68f4887847a8.pdf,Competitive
Bakersfield Alliance,http://socalsoccerleague.org,SOCAL and ASA 202/27 Transition to NEWCOMP and Future Collaboration Outline,https://www.socalsoccerleague.org/_files/ugd/c9d1d3_eb2d679c32024fa0bed541eb3f9d5a5f.pdf,Competitive
Bakersfield Alliance,http://socalsoccerleague.org,SOCAL has teamed up with Trace to offer teams 1 FREE sideline camera and one PRO subscription,https://www.socalsoccerleague.org/_files/ugd/c9d1d3_5c06813983e541e2bc45256d2b9b59f8.pdf,Competitive
Bakersfield Alliance,http://socalsoccerleague.org,Age group cut-off update for 2026-27 season,https://www.socalsoccerleague.org/_files/ugd/c9d1d3_bb7364132baf4b7fb3cf27686b43cfc0.pdf,Competitive
Beach Futbol Club,http://socalsoccerleague.org,About,https://www.socalsoccerleague.org/about,Competitive
Beach Futbol Club,http://socalsoccerleague.org,Board of Directors/Technical Committee,https://www.socalsoccerleague.org/board-of-directors-technical-committee,Competitive
Beach Futbol Club,http://socalsoccerleague.org,Becoming SOCAL,https://www.socalsoccerleague.org/becoming-socal,Competitive
Beach Futbol Club,http://socalsoccerleague.org,By-Laws,https://www.socalsoccerleague.org/_files/ugd/c9d1d3_c04df58292864db993c9ec860a0a2133.pdf,Competitive
Beach Futbol Club,http://socalsoccerleague.org,Club Directory,https://system.gotsport.com/org_event/events/43086/clubs,Program
Beach Futbol Club,http://socalsoccerleague.org,Member Club Map,https://www.socalsoccerleague.org/member-club-map,Competitive
Beach Futbol Club,http://socalsoccerleague.org,Partners,https://www.socalsoccerleague.org/partners,Competitive
Beach Futbol Club,http://socalsoccerleague.org,Competitions,https://www.socalsoccerleague.org/competitions,Competitive
Beach Futbol Club,http://socalsoccerleague.org,Fall,https://www.socalsoccerleague.org/fall,Competitive
Beach Futbol Club,http://socalsoccerleague.org,Coaching Education,https://www.socalsoccerleague.org/coaching-education,Competitive
Beach Futbol Club,http://socalsoccerleague.org,Referee Development,https://www.socalsoccerleague.org/referee-development,Competitive
Beach Futbol Club,http://socalsoccerleague.org,2025 Fall Competitive Schedule,https://system.gotsport.com/org_event/events/43086,Competitive
Beach Futbol Club,http://socalsoccerleague.org,2025 Fall Recreational Schedule,https://system.gotsport.com/org_event/events/46401,Recreational
Beach Futbol Club,http://socalsoccerleague.org,2024 Fall Competitive Schedule,https://system.gotsport.com/org_event/events/33123,Competitive
Beach Futbol Club,http://socalsoccerleague.org,2024 Fall Recreation Schedule,https://system.gotsport.com/org_event/events/36734,Recreational
Beach Futbol Club,http://socalsoccerleague.org,Unified Players League,https://www.socalsoccerleague.org/unified-players-league,Competitive
Beach Futbol Club,http://socalsoccerleague.org,Member Tournaments,https://www.socalsoccerleague.org/member-tournaments,Competitive
Beach Futbol Club,http://socalsoccerleague.org,Referee Abuse Policy 531-9,https://www.socalsoccerleague.org/_files/ugd/c9d1d3_3d962f5dad8f434e9cba68f4887847a8.pdf,Competitive
Beach Futbol Club,http://socalsoccerleague.org,SOCAL and ASA 202/27 Transition to NEWCOMP and Future Collaboration Outline,https://www.socalsoccerleague.org/_files/ugd/c9d1d3_eb2d679c32024fa0bed541eb3f9d5a5f.pdf,Competitive
Beach Futbol Club,http://socalsoccerleague.org,SOCAL has teamed up with Trace to offer teams 1 FREE sideline camera and one PRO subscription,https://www.socalsoccerleague.org/_files/ugd/c9d1d3_5c06813983e541e2bc45256d2b9b59f8.pdf,Competitive
Beach Futbol Club,http://socalsoccerleague.org,Age group cut-off update for 2026-27 season,https://www.socalsoccerleague.org/_files/ugd/c9d1d3_bb7364132baf4b7fb3cf27686b43cfc0.pdf,Competitive
Bell Gardens FC,http://socalsoccerleague.org,About,https://www.socalsoccerleague.org/about,Competitive
Bell Gardens FC,http://socalsoccerleague.org,Board of Directors/Technical Committee,https://www.socalsoccerleague.org/board-of-directors-technical-committee,Competitive
Bell Gardens FC,http://socalsoccerleague.org,Becoming SOCAL,https://www.socalsoccerleague.org/becoming-socal,Competitive
Bell Gardens FC,http://socalsoccerleague.org,By-Laws,https://www.socalsoccerleague.org/_files/ugd/c9d1d3_c04df58292864db993c9ec860a0a2133.pdf,Competitive
Bell Gardens FC,http://socalsoccerleague.org,Club Directory,https://system.gotsport.com/org_event/events/43086/clubs,Program
Bell Gardens FC,http://socalsoccerleague.org,Member Club Map,https://www.socalsoccerleague.org/member-club-map,Competitive
Bell Gardens FC,http://socalsoccerleague.org,Partners,https://www.socalsoccerleague.org/partners,Competitive
Bell Gardens FC,http://socalsoccerleague.org,Competitions,https://www.socalsoccerleague.org/competitions,Competitive
Bell Gardens FC,http://socalsoccerleague.org,Fall,https://www.socalsoccerleague.org/fall,Competitive
Bell Gardens FC,http://socalsoccerleague.org,Coaching Education,https://www.socalsoccerleague.org/coaching-education,Competitive
Bell Gardens FC,http://socalsoccerleague.org,Referee Development,https://www.socalsoccerleague.org/referee-development,Competitive
Bell Gardens FC,http://socalsoccerleague.org,2025 Fall Competitive Schedule,https://system.gotsport.com/org_event/events/43086,Competitive
Bell Gardens FC,http://socalsoccerleague.org,2025 Fall Recreational Schedule,https://system.gotsport.com/org_event/events/46401,Recreational
Bell Gardens FC,http://socalsoccerleague.org,2024 Fall Competitive Schedule,https://system.gotsport.com/org_event/events/33123,Competitive
Bell Gardens FC,http://socalsoccerleague.org,2024 Fall Recreation Schedule,https://system.gotsport.com/org_event/events/36734,Recreational
Bell Gardens FC,http://socalsoccerleague.org,Unified Players League,https://www.socalsoccerleague.org/unified-players-league,Competitive
Bell Gardens FC,http://socalsoccerleague.org,Member Tournaments,https://www.socalsoccerleague.org/member-tournaments,Competitive
Bell Gardens FC,http://socalsoccerleague.org,Referee Abuse Policy 531-9,https://www.socalsoccerleague.org/_files/ugd/c9d1d3_3d962f5dad8f434e9cba68f4887847a8.pdf,Competitive
Bell Gardens FC,http://socalsoccerleague.org,SOCAL and ASA 202/27 Transition to NEWCOMP and Future Collaboration Outline,https://www.socalsoccerleague.org/_files/ugd/c9d1d3_eb2d679c32024fa0bed541eb3f9d5a5f.pdf,Competitive
Bell Gardens FC,http://socalsoccerleague.org,SOCAL has teamed up with Trace to offer teams 1 FREE sideline camera and one PRO subscription,https://www.socalsoccerleague.org/_files/ugd/c9d1d3_5c06813983e541e2bc45256d2b9b59f8.pdf,Competitive
Bell Gardens FC,http://socalsoccerleague.org,Age group cut-off update for 2026-27 season,https://www.socalsoccerleague.org/_files/ugd/c9d1d3_bb7364132baf4b7fb3cf27686b43cfc0.pdf,Competitive
Boca Orange County,http://socalsoccerleague.org,About,https://www.socalsoccerleague.org/about,Competitive
Boca Orange County,http://socalsoccerleague.org,Board of Directors/Technical Committee,https://www.socalsoccerleague.org/board-of-directors-technical-committee,Competitive
Boca Orange County,http://socalsoccerleague.org,Becoming SOCAL,https://www.socalsoccerleague.org/becoming-socal,Competitive
Boca Orange County,http://socalsoccerleague.org,By-Laws,https://www.socalsoccerleague.org/_files/ugd/c9d1d3_c04df58292864db993c9ec860a0a2133.pdf,Competitive
Boca Orange County,http://socalsoccerleague.org,Club Directory,https://system.gotsport.com/org_event/events/43086/clubs,Program
Boca Orange County,http://socalsoccerleague.org,Member Club Map,https://www.socalsoccerleague.org/member-club-map,Competitive
Boca Orange County,http://socalsoccerleague.org,Partners,https://www.socalsoccerleague.org/partners,Competitive
Boca Orange County,http://socalsoccerleague.org,Competitions,https://www.socalsoccerleague.org/competitions,Competitive
Boca Orange County,http://socalsoccerleague.org,Fall,https://www.socalsoccerleague.org/fall,Competitive
Boca Orange County,http://socalsoccerleague.org,Coaching Education,https://www.socalsoccerleague.org/coaching-education,Competitive
Boca Orange County,http://socalsoccerleague.org,Referee Development,https://www.socalsoccerleague.org/referee-development,Competitive
Boca Orange County,http://socalsoccerleague.org,2025 Fall Competitive Schedule,https://system.gotsport.com/org_event/events/43086,Competitive
Boca Orange County,http://socalsoccerleague.org,2025 Fall Recreational Schedule,https://system.gotsport.com/org_event/events/46401,Recreational
Boca Orange County,http://socalsoccerleague.org,2024 Fall Competitive Schedule,https://system.gotsport.com/org_event/events/33123,Competitive
Boca Orange County,http://socalsoccerleague.org,2024 Fall Recreation Schedule,https://system.gotsport.com/org_event/events/36734,Recreational
Boca Orange County,http://socalsoccerleague.org,Unified Players League,https://www.socalsoccerleague.org/unified-players-league,Competitive
Boca Orange County,http://socalsoccerleague.org,Member Tournaments,https://www.socalsoccerleague.org/member-tournaments,Competitive
Boca Orange County,http://socalsoccerleague.org,Referee Abuse Policy 531-9,https://www.socalsoccerleague.org/_files/ugd/c9d1d3_3d962f5dad8f434e9cba68f4887847a8.pdf,Competitive
Boca Orange County,http://socalsoccerleague.org,SOCAL and ASA 202/27 Transition to NEWCOMP and Future Collaboration Outline,https://www.socalsoccerleague.org/_files/ugd/c9d1d3_eb2d679c32024fa0bed541eb3f9d5a5f.pdf,Competitive
Boca Orange County,http://socalsoccerleague.org,SOCAL has teamed up with Trace to offer teams 1 FREE sideline camera and one PRO subscription,https://www.socalsoccerleague.org/_files/ugd/c9d1d3_5c06813983e541e2bc45256d2b9b59f8.pdf,Competitive
Boca Orange County,http://socalsoccerleague.org,Age group cut-off update for 2026-27 season,https://www.socalsoccerleague.org/_files/ugd/c9d1d3_bb7364132baf4b7fb3cf27686b43cfc0.pdf,Competitive
Borussia Del Mar Soccer Club,http://socalsoccerleague.org,About,https://www.socalsoccerleague.org/about,Competitive
Borussia Del Mar Soccer Club,http://socalsoccerleague.org,Board of Directors/Technical Committee,https://www.socalsoccerleague.org/board-of-directors-technical-committee,Competitive
Borussia Del Mar Soccer Club,http://socalsoccerleague.org,Becoming SOCAL,https://www.socalsoccerleague.org/becoming-socal,Competitive
Borussia Del Mar Soccer Club,http://socalsoccerleague.org,By-Laws,https://www.socalsoccerleague.org/_files/ugd/c9d1d3_c04df58292864db993c9ec860a0a2133.pdf,Competitive
Borussia Del Mar Soccer Club,http://socalsoccerleague.org,Club Directory,https://system.gotsport.com/org_event/events/43086/clubs,Program
Borussia Del Mar Soccer Club,http://socalsoccerleague.org,Member Club Map,https://www.socalsoccerleague.org/member-club-map,Competitive
Borussia Del Mar Soccer Club,http://socalsoccerleague.org,Partners,https://www.socalsoccerleague.org/partners,Competitive
Borussia Del Mar Soccer Club,http://socalsoccerleague.org,Competitions,https://www.socalsoccerleague.org/competitions,Competitive
Borussia Del Mar Soccer Club,http://socalsoccerleague.org,Fall,https://www.socalsoccerleague.org/fall,Competitive
Borussia Del Mar Soccer Club,http://socalsoccerleague.org,Coaching Education,https://www.socalsoccerleague.org/coaching-education,Competitive
Borussia Del Mar Soccer Club,http://socalsoccerleague.org,Referee Development,https://www.socalsoccerleague.org/referee-development,Competitive
Borussia Del Mar Soccer Club,http://socalsoccerleague.org,2025 Fall Competitive Schedule,https://system.gotsport.com/org_event/events/43086,Competitive
Borussia Del Mar Soccer Club,http://socalsoccerleague.org,2025 Fall Recreational Schedule,https://system.gotsport.com/org_event/events/46401,Recreational
Borussia Del Mar Soccer Club,http://socalsoccerleague.org,2024 Fall Competitive Schedule,https://system.gotsport.com/org_event/events/33123,Competitive
Borussia Del Mar Soccer Club,http://socalsoccerleague.org,2024 Fall Recreation Schedule,https://system.gotsport.com/org_event/events/36734,Recreational
Borussia Del Mar Soccer Club,http://socalsoccerleague.org,Unified Players League,https://www.socalsoccerleague.org/unified-players-league,Competitive
Borussia Del Mar Soccer Club,http://socalsoccerleague.org,Member Tournaments,https://www.socalsoccerleague.org/member-tournaments,Competitive
Borussia Del Mar Soccer Club,http://socalsoccerleague.org,Referee Abuse Policy 531-9,https://www.socalsoccerleague.org/_files/ugd/c9d1d3_3d962f5dad8f434e9cba68f4887847a8.pdf,Competitive
Borussia Del Mar Soccer Club,http://socalsoccerleague.org,SOCAL and ASA 202/27 Transition to NEWCOMP and Future Collaboration Outline,https://www.socalsoccerleague.org/_files/ugd/c9d1d3_eb2d679c32024fa0bed541eb3f9d5a5f.pdf,Competitive
Borussia Del Mar Soccer Club,http://socalsoccerleague.org,SOCAL has teamed up with Trace to offer teams 1 FREE sideline camera and one PRO subscription,https://www.socalsoccerleague.org/_files/ugd/c9d1d3_5c06813983e541e2bc45256d2b9b59f8.pdf,Competitive
Borussia Del Mar Soccer Club,http://socalsoccerleague.org,Age group cut-off update for 2026-27 season,https://www.socalsoccerleague.org/_files/ugd/c9d1d3_bb7364132baf4b7fb3cf27686b43cfc0.pdf,Competitive
California Athletic SC,http://socalsoccerleague.org,About,https://www.socalsoccerleague.org/about,Competitive
California Athletic SC,http://socalsoccerleague.org,Board of Directors/Technical Committee,https://www.socalsoccerleague.org/board-of-directors-technical-committee,Competitive
California Athletic SC,http://socalsoccerleague.org,Becoming SOCAL,https://www.socalsoccerleague.org/becoming-socal,Competitive
California Athletic SC,http://socalsoccerleague.org,By-Laws,https://www.socalsoccerleague.org/_files/ugd/c9d1d3_c04df58292864db993c9ec860a0a2133.pdf,Competitive
California Athletic SC,http://socalsoccerleague.org,Club Directory,https://system.gotsport.com/org_event/events/43086/clubs,Program
California Athletic SC,http://socalsoccerleague.org,Member Club Map,https://www.socalsoccerleague.org/member-club-map,Competitive
California Athletic SC,http://socalsoccerleague.org,Partners,https://www.socalsoccerleague.org/partners,Competitive
California Athletic SC,http://socalsoccerleague.org,Competitions,https://www.socalsoccerleague.org/competitions,Competitive
California Athletic SC,http://socalsoccerleague.org,Fall,https://www.socalsoccerleague.org/fall,Competitive
California Athletic SC,http://socalsoccerleague.org,Coaching Education,https://www.socalsoccerleague.org/coaching-education,Competitive
California Athletic SC,http://socalsoccerleague.org,Referee Development,https://www.socalsoccerleague.org/referee-development,Competitive
California Athletic SC,http://socalsoccerleague.org,2025 Fall Competitive Schedule,https://system.gotsport.com/org_event/events/43086,Competitive
California Athletic SC,http://socalsoccerleague.org,2025 Fall Recreational Schedule,https://system.gotsport.com/org_event/events/46401,Recreational
California Athletic SC,http://socalsoccerleague.org,2024 Fall Competitive Schedule,https://system.gotsport.com/org_event/events/33123,Competitive
California Athletic SC,http://socalsoccerleague.org,2024 Fall Recreation Schedule,https://system.gotsport.com/org_event/events/36734,Recreational
California Athletic SC,http://socalsoccerleague.org,Unified Players League,https://www.socalsoccerleague.org/unified-players-league,Competitive
California Athletic SC,http://socalsoccerleague.org,Member Tournaments,https://www.socalsoccerleague.org/member-tournaments,Competitive
California Athletic SC,http://socalsoccerleague.org,Referee Abuse Policy 531-9,https://www.socalsoccerleague.org/_files/ugd/c9d1d3_3d962f5dad8f434e9cba68f4887847a8.pdf,Competitive
California Athletic SC,http://socalsoccerleague.org,SOCAL and ASA 202/27 Transition to NEWCOMP and Future Collaboration Outline,https://www.socalsoccerleague.org/_files/ugd/c9d1d3_eb2d679c32024fa0bed541eb3f9d5a5f.pdf,Competitive
California Athletic SC,http://socalsoccerleague.org,SOCAL has teamed up with Trace to offer teams 1 FREE sideline camera and one PRO subscription,https://www.socalsoccerleague.org/_files/ugd/c9d1d3_5c06813983e541e2bc45256d2b9b59f8.pdf,Competitive
California Athletic SC,http://socalsoccerleague.org,Age group cut-off update for 2026-27 season,https://www.socalsoccerleague.org/_files/ugd/c9d1d3_bb7364132baf4b7fb3cf27686b43cfc0.pdf,Competitive
California Football Academy,http://socalsoccerleague.org,About,https://www.socalsoccerleague.org/about,Competitive
California Football Academy,http://socalsoccerleague.org,Board of Directors/Technical Committee,https://www.socalsoccerleague.org/board-of-directors-technical-committee,Competitive
California Football Academy,http://socalsoccerleague.org,Becoming SOCAL,https://www.socalsoccerleague.org/becoming-socal,Competitive
California Football Academy,http://socalsoccerleague.org,By-Laws,https://www.socalsoccerleague.org/_files/ugd/c9d1d3_c04df58292864db993c9ec860a0a2133.pdf,Competitive
California Football Academy,http://socalsoccerleague.org,Club Directory,https://system.gotsport.com/org_event/events/43086/clubs,Program
California Football Academy,http://socalsoccerleague.org,Member Club Map,https://www.socalsoccerleague.org/member-club-map,Competitive
California Football Academy,http://socalsoccerleague.org,Partners,https://www.socalsoccerleague.org/partners,Competitive
California Football Academy,http://socalsoccerleague.org,Competitions,https://www.socalsoccerleague.org/competitions,Competitive
California Football Academy,http://socalsoccerleague.org,Fall,https://www.socalsoccerleague.org/fall,Competitive
California Football Academy,http://socalsoccerleague.org,Coaching Education,https://www.socalsoccerleague.org/coaching-education,Competitive
California Football Academy,http://socalsoccerleague.org,Referee Development,https://www.socalsoccerleague.org/referee-development,Competitive
California Football Academy,http://socalsoccerleague.org,2025 Fall Competitive Schedule,https://system.gotsport.com/org_event/events/43086,Competitive
California Football Academy,http://socalsoccerleague.org,2025 Fall Recreational Schedule,https://system.gotsport.com/org_event/events/46401,Recreational
California Football Academy,http://socalsoccerleague.org,2024 Fall Competitive Schedule,https://system.gotsport.com/org_event/events/33123,Competitive
California Football Academy,http://socalsoccerleague.org,2024 Fall Recreation Schedule,https://system.gotsport.com/org_event/events/36734,Recreational
California Football Academy,http://socalsoccerleague.org,Unified Players League,https://www.socalsoccerleague.org/unified-players-league,Competitive
California Football Academy,http://socalsoccerleague.org,Member Tournaments,https://www.socalsoccerleague.org/member-tournaments,Competitive
California Football Academy,http://socalsoccerleague.org,Referee Abuse Policy 531-9,https://www.socalsoccerleague.org/_files/ugd/c9d1d3_3d962f5dad8f434e9cba68f4887847a8.pdf,Competitive
California Football Academy,http://socalsoccerleague.org,SOCAL and ASA 202/27 Transition to NEWCOMP and Future Collaboration Outline,https://www.socalsoccerleague.org/_files/ugd/c9d1d3_eb2d679c32024fa0bed541eb3f9d5a5f.pdf,Competitive
California Football Academy,http://socalsoccerleague.org,SOCAL has teamed up with Trace to offer teams 1 FREE sideline camera and one PRO subscription,https://www.socalsoccerleague.org/_files/ugd/c9d1d3_5c06813983e541e2bc45256d2b9b59f8.pdf,Competitive
California Football Academy,http://socalsoccerleague.org,Age group cut-off update for 2026-27 season,https://www.socalsoccerleague.org/_files/ugd/c9d1d3_bb7364132baf4b7fb3cf27686b43cfc0.pdf,Competitive
California Rush Soccer Club,http://socalsoccerleague.org,About,https://www.socalsoccerleague.org/about,Competitive
California Rush Soccer Club,http://socalsoccerleague.org,Board of Directors/Technical Committee,https://www.socalsoccerleague.org/board-of-directors-technical-committee,Competitive
California Rush Soccer Club,http://socalsoccerleague.org,Becoming SOCAL,https://www.socalsoccerleague.org/becoming-socal,Competitive
California Rush Soccer Club,http://socalsoccerleague.org,By-Laws,https://www.socalsoccerleague.org/_files/ugd/c9d1d3_c04df58292864db993c9ec860a0a2133.pdf,Competitive
California Rush Soccer Club,http://socalsoccerleague.org,Club Directory,https://system.gotsport.com/org_event/events/43086/clubs,Program
California Rush Soccer Club,http://socalsoccerleague.org,Member Club Map,https://www.socalsoccerleague.org/member-club-map,Competitive
California Rush Soccer Club,http://socalsoccerleague.org,Partners,https://www.socalsoccerleague.org/partners,Competitive
California Rush Soccer Club,http://socalsoccerleague.org,Competitions,https://www.socalsoccerleague.org/competitions,Competitive
California Rush Soccer Club,http://socalsoccerleague.org,Fall,https://www.socalsoccerleague.org/fall,Competitive
California Rush Soccer Club,http://socalsoccerleague.org,Coaching Education,https://www.socalsoccerleague.org/coaching-education,Competitive
California Rush Soccer Club,http://socalsoccerleague.org,Referee Development,https://www.socalsoccerleague.org/referee-development,Competitive
California Rush Soccer Club,http://socalsoccerleague.org,2025 Fall Competitive Schedule,https://system.gotsport.com/org_event/events/43086,Competitive
California Rush Soccer Club,http://socalsoccerleague.org,2025 Fall Recreational Schedule,https://system.gotsport.com/org_event/events/46401,Recreational
California Rush Soccer Club,http://socalsoccerleague.org,2024 Fall Competitive Schedule,https://system.gotsport.com/org_event/events/33123,Competitive
California Rush Soccer Club,http://socalsoccerleague.org,2024 Fall Recreation Schedule,https://system.gotsport.com/org_event/events/36734,Recreational
California Rush Soccer Club,http://socalsoccerleague.org,Unified Players League,https://www.socalsoccerleague.org/unified-players-league,Competitive
California Rush Soccer Club,http://socalsoccerleague.org,Member Tournaments,https://www.socalsoccerleague.org/member-tournaments,Competitive
California Rush Soccer Club,http://socalsoccerleague.org,Referee Abuse Policy 531-9,https://www.socalsoccerleague.org/_files/ugd/c9d1d3_3d962f5dad8f434e9cba68f4887847a8.pdf,Competitive
California Rush Soccer Club,http://socalsoccerleague.org,SOCAL and ASA 202/27 Transition to NEWCOMP and Future Collaboration Outline,https://www.socalsoccerleague.org/_files/ugd/c9d1d3_eb2d679c32024fa0bed541eb3f9d5a5f.pdf,Competitive
California Rush Soccer Club,http://socalsoccerleague.org,SOCAL has teamed up with Trace to offer teams 1 FREE sideline camera and one PRO subscription,https://www.socalsoccerleague.org/_files/ugd/c9d1d3_5c06813983e541e2bc45256d2b9b59f8.pdf,Competitive
California Rush Soccer Club,http://socalsoccerleague.org,Age group cut-off update for 2026-27 season,https://www.socalsoccerleague.org/_files/ugd/c9d1d3_bb7364132baf4b7fb3cf27686b43cfc0.pdf,Competitive
Capo FC,http://socalsoccerleague.org,About,https://www.socalsoccerleague.org/about,Competitive
Capo FC,http://socalsoccerleague.org,Board of Directors/Technical Committee,https://www.socalsoccerleague.org/board-of-directors-technical-committee,Competitive
Capo FC,http://socalsoccerleague.org,Becoming SOCAL,https://www.socalsoccerleague.org/becoming-socal,Competitive
Capo FC,http://socalsoccerleague.org,By-Laws,https://www.socalsoccerleague.org/_files/ugd/c9d1d3_c04df58292864db993c9ec860a0a2133.pdf,Competitive
Capo FC,http://socalsoccerleague.org,Club Directory,https://system.gotsport.com/org_event/events/43086/clubs,Program
Capo FC,http://socalsoccerleague.org,Member Club Map,https://www.socalsoccerleague.org/member-club-map,Competitive
Capo FC,http://socalsoccerleague.org,Partners,https://www.socalsoccerleague.org/partners,Competitive
Capo FC,http://socalsoccerleague.org,Competitions,https://www.socalsoccerleague.org/competitions,Competitive
Capo FC,http://socalsoccerleague.org,Fall,https://www.socalsoccerleague.org/fall,Competitive
Capo FC,http://socalsoccerleague.org,Coaching Education,https://www.socalsoccerleague.org/coaching-education,Competitive
Capo FC,http://socalsoccerleague.org,Referee Development,https://www.socalsoccerleague.org/referee-development,Competitive
Capo FC,http://socalsoccerleague.org,2025 Fall Competitive Schedule,https://system.gotsport.com/org_event/events/43086,Competitive
Capo FC,http://socalsoccerleague.org,2025 Fall Recreational Schedule,https://system.gotsport.com/org_event/events/46401,Recreational
Capo FC,http://socalsoccerleague.org,2024 Fall Competitive Schedule,https://system.gotsport.com/org_event/events/33123,Competitive
Capo FC,http://socalsoccerleague.org,2024 Fall Recreation Schedule,https://system.gotsport.com/org_event/events/36734,Recreational
Capo FC,http://socalsoccerleague.org,Unified Players League,https://www.socalsoccerleague.org/unified-players-league,Competitive
Capo FC,http://socalsoccerleague.org,Member Tournaments,https://www.socalsoccerleague.org/member-tournaments,Competitive
Capo FC,http://socalsoccerleague.org,Referee Abuse Policy 531-9,https://www.socalsoccerleague.org/_files/ugd/c9d1d3_3d962f5dad8f434e9cba68f4887847a8.pdf,Competitive
Capo FC,http://socalsoccerleague.org,SOCAL and ASA 202/27 Transition to NEWCOMP and Future Collaboration Outline,https://www.socalsoccerleague.org/_files/ugd/c9d1d3_eb2d679c32024fa0bed541eb3f9d5a5f.pdf,Competitive
Capo FC,http://socalsoccerleague.org,SOCAL has teamed up with Trace to offer teams 1 FREE sideline camera and one PRO subscription,https://www.socalsoccerleague.org/_files/ugd/c9d1d3_5c06813983e541e2bc45256d2b9b59f8.pdf,Competitive
Capo FC,http://socalsoccerleague.org,Age group cut-off update for 2026-27 season,https://www.socalsoccerleague.org/_files/ugd/c9d1d3_bb7364132baf4b7fb3cf27686b43cfc0.pdf,Competitive
Cardiff Sockers,http://socalsoccerleague.org,About,https://www.socalsoccerleague.org/about,Competitive
Cardiff Sockers,http://socalsoccerleague.org,Board of Directors/Technical Committee,https://www.socalsoccerleague.org/board-of-directors-technical-committee,Competitive
Cardiff Sockers,http://socalsoccerleague.org,Becoming SOCAL,https://www.socalsoccerleague.org/becoming-socal,Competitive
Cardiff Sockers,http://socalsoccerleague.org,By-Laws,https://www.socalsoccerleague.org/_files/ugd/c9d1d3_c04df58292864db993c9ec860a0a2133.pdf,Competitive
Cardiff Sockers,http://socalsoccerleague.org,Club Directory,https://system.gotsport.com/org_event/events/43086/clubs,Program
Cardiff Sockers,http://socalsoccerleague.org,Member Club Map,https://www.socalsoccerleague.org/member-club-map,Competitive
Cardiff Sockers,http://socalsoccerleague.org,Partners,https://www.socalsoccerleague.org/partners,Competitive
Cardiff Sockers,http://socalsoccerleague.org,Competitions,https://www.socalsoccerleague.org/competitions,Competitive
Cardiff Sockers,http://socalsoccerleague.org,Fall,https://www.socalsoccerleague.org/fall,Competitive
Cardiff Sockers,http://socalsoccerleague.org,Coaching Education,https://www.socalsoccerleague.org/coaching-education,Competitive
Cardiff Sockers,http://socalsoccerleague.org,Referee Development,https://www.socalsoccerleague.org/referee-development,Competitive
Cardiff Sockers,http://socalsoccerleague.org,2025 Fall Competitive Schedule,https://system.gotsport.com/org_event/events/43086,Competitive
Cardiff Sockers,http://socalsoccerleague.org,2025 Fall Recreational Schedule,https://system.gotsport.com/org_event/events/46401,Recreational
Cardiff Sockers,http://socalsoccerleague.org,2024 Fall Competitive Schedule,https://system.gotsport.com/org_event/events/33123,Competitive
Cardiff Sockers,http://socalsoccerleague.org,2024 Fall Recreation Schedule,https://system.gotsport.com/org_event/events/36734,Recreational
Cardiff Sockers,http://socalsoccerleague.org,Unified Players League,https://www.socalsoccerleague.org/unified-players-league,Competitive
Cardiff Sockers,http://socalsoccerleague.org,Member Tournaments,https://www.socalsoccerleague.org/member-tournaments,Competitive
Cardiff Sockers,http://socalsoccerleague.org,Referee Abuse Policy 531-9,https://www.socalsoccerleague.org/_files/ugd/c9d1d3_3d962f5dad8f434e9cba68f4887847a8.pdf,Competitive
Cardiff Sockers,http://socalsoccerleague.org,SOCAL and ASA 202/27 Transition to NEWCOMP and Future Collaboration Outline,https://www.socalsoccerleague.org/_files/ugd/c9d1d3_eb2d679c32024fa0bed541eb3f9d5a5f.pdf,Competitive
Cardiff Sockers,http://socalsoccerleague.org,SOCAL has teamed up with Trace to offer teams 1 FREE sideline camera and one PRO subscription,https://www.socalsoccerleague.org/_files/ugd/c9d1d3_5c06813983e541e2bc45256d2b9b59f8.pdf,Competitive
Cardiff Sockers,http://socalsoccerleague.org,Age group cut-off update for 2026-27 season,https://www.socalsoccerleague.org/_files/ugd/c9d1d3_bb7364132baf4b7fb3cf27686b43cfc0.pdf,Competitive
CDA Slammers,http://socalsoccerleague.org,About,https://www.socalsoccerleague.org/about,Competitive
CDA Slammers,http://socalsoccerleague.org,Board of Directors/Technical Committee,https://www.socalsoccerleague.org/board-of-directors-technical-committee,Competitive
CDA Slammers,http://socalsoccerleague.org,Becoming SOCAL,https://www.socalsoccerleague.org/becoming-socal,Competitive
CDA Slammers,http://socalsoccerleague.org,By-Laws,https://www.socalsoccerleague.org/_files/ugd/c9d1d3_c04df58292864db993c9ec860a0a2133.pdf,Competitive
CDA Slammers,http://socalsoccerleague.org,Club Directory,https://system.gotsport.com/org_event/events/43086/clubs,Program
CDA Slammers,http://socalsoccerleague.org,Member Club Map,https://www.socalsoccerleague.org/member-club-map,Competitive
CDA Slammers,http://socalsoccerleague.org,Partners,https://www.socalsoccerleague.org/partners,Competitive
CDA Slammers,http://socalsoccerleague.org,Competitions,https://www.socalsoccerleague.org/competitions,Competitive
CDA Slammers,http://socalsoccerleague.org,Fall,https://www.socalsoccerleague.org/fall,Competitive
CDA Slammers,http://socalsoccerleague.org,Coaching Education,https://www.socalsoccerleague.org/coaching-education,Competitive
CDA Slammers,http://socalsoccerleague.org,Referee Development,https://www.socalsoccerleague.org/referee-development,Competitive
CDA Slammers,http://socalsoccerleague.org,2025 Fall Competitive Schedule,https://system.gotsport.com/org_event/events/43086,Competitive
CDA Slammers,http://socalsoccerleague.org,2025 Fall Recreational Schedule,https://system.gotsport.com/org_event/events/46401,Recreational
CDA Slammers,http://socalsoccerleague.org,2024 Fall Competitive Schedule,https://system.gotsport.com/org_event/events/33123,Competitive
CDA Slammers,http://socalsoccerleague.org,2024 Fall Recreation Schedule,https://system.gotsport.com/org_event/events/36734,Recreational
CDA Slammers,http://socalsoccerleague.org,Unified Players League,https://www.socalsoccerleague.org/unified-players-league,Competitive
CDA Slammers,http://socalsoccerleague.org,Member Tournaments,https://www.socalsoccerleague.org/member-tournaments,Competitive
CDA Slammers,http://socalsoccerleague.org,Referee Abuse Policy 531-9,https://www.socalsoccerleague.org/_files/ugd/c9d1d3_3d962f5dad8f434e9cba68f4887847a8.pdf,Competitive
CDA Slammers,http://socalsoccerleague.org,SOCAL and ASA 202/27 Transition to NEWCOMP and Future Collaboration Outline,https://www.socalsoccerleague.org/_files/ugd/c9d1d3_eb2d679c32024fa0bed541eb3f9d5a5f.pdf,Competitive
CDA Slammers,http://socalsoccerleague.org,SOCAL has teamed up with Trace to offer teams 1 FREE sideline camera and one PRO subscription,https://www.socalsoccerleague.org/_files/ugd/c9d1d3_5c06813983e541e2bc45256d2b9b59f8.pdf,Competitive
CDA Slammers,http://socalsoccerleague.org,Age group cut-off update for 2026-27 season,https://www.socalsoccerleague.org/_files/ugd/c9d1d3_bb7364132baf4b7fb3cf27686b43cfc0.pdf,Competitive
Celtic Soccer Club (S-CA),http://socalsoccerleague.org,About,https://www.socalsoccerleague.org/about,Competitive
Celtic Soccer Club (S-CA),http://socalsoccerleague.org,Board of Directors/Technical Committee,https://www.socalsoccerleague.org/board-of-directors-technical-committee,Competitive
Celtic Soccer Club (S-CA),http://socalsoccerleague.org,Becoming SOCAL,https://www.socalsoccerleague.org/becoming-socal,Competitive
Celtic Soccer Club (S-CA),http://socalsoccerleague.org,By-Laws,https://www.socalsoccerleague.org/_files/ugd/c9d1d3_c04df58292864db993c9ec860a0a2133.pdf,Competitive
Celtic Soccer Club (S-CA),http://socalsoccerleague.org,Club Directory,https://system.gotsport.com/org_event/events/43086/clubs,Program
Celtic Soccer Club (S-CA),http://socalsoccerleague.org,Member Club Map,https://www.socalsoccerleague.org/member-club-map,Competitive
Celtic Soccer Club (S-CA),http://socalsoccerleague.org,Partners,https://www.socalsoccerleague.org/partners,Competitive
Celtic Soccer Club (S-CA),http://socalsoccerleague.org,Competitions,https://www.socalsoccerleague.org/competitions,Competitive
Celtic Soccer Club (S-CA),http://socalsoccerleague.org,Fall,https://www.socalsoccerleague.org/fall,Competitive
Celtic Soccer Club (S-CA),http://socalsoccerleague.org,Coaching Education,https://www.socalsoccerleague.org/coaching-education,Competitive
Celtic Soccer Club (S-CA),http://socalsoccerleague.org,Referee Development,https://www.socalsoccerleague.org/referee-development,Competitive
Celtic Soccer Club (S-CA),http://socalsoccerleague.org,2025 Fall Competitive Schedule,https://system.gotsport.com/org_event/events/43086,Competitive
Celtic Soccer Club (S-CA),http://socalsoccerleague.org,2025 Fall Recreational Schedule,https://system.gotsport.com/org_event/events/46401,Recreational
Celtic Soccer Club (S-CA),http://socalsoccerleague.org,2024 Fall Competitive Schedule,https://system.gotsport.com/org_event/events/33123,Competitive
Celtic Soccer Club (S-CA),http://socalsoccerleague.org,2024 Fall Recreation Schedule,https://system.gotsport.com/org_event/events/36734,Recreational
Celtic Soccer Club (S-CA),http://socalsoccerleague.org,Unified Players League,https://www.socalsoccerleague.org/unified-players-league,Competitive
Celtic Soccer Club (S-CA),http://socalsoccerleague.org,Member Tournaments,https://www.socalsoccerleague.org/member-tournaments,Competitive
Celtic Soccer Club (S-CA),http://socalsoccerleague.org,Referee Abuse Policy 531-9,https://www.socalsoccerleague.org/_files/ugd/c9d1d3_3d962f5dad8f434e9cba68f4887847a8.pdf,Competitive
Celtic Soccer Club (S-CA),http://socalsoccerleague.org,SOCAL and ASA 202/27 Transition to NEWCOMP and Future Collaboration Outline,https://www.socalsoccerleague.org/_files/ugd/c9d1d3_eb2d679c32024fa0bed541eb3f9d5a5f.pdf,Competitive
Celtic Soccer Club (S-CA),http://socalsoccerleague.org,SOCAL has teamed up with Trace to offer teams 1 FREE sideline camera and one PRO subscription,https://www.socalsoccerleague.org/_files/ugd/c9d1d3_5c06813983e541e2bc45256d2b9b59f8.pdf,Competitive
Celtic Soccer Club (S-CA),http://socalsoccerleague.org,Age group cut-off update for 2026-27 season,https://www.socalsoccerleague.org/_files/ugd/c9d1d3_bb7364132baf4b7fb3cf27686b43cfc0.pdf,Competitive
Central Cal Aztecs,http://socalsoccerleague.org,About,https://www.socalsoccerleague.org/about,Competitive
Central Cal Aztecs,http://socalsoccerleague.org,Board of Directors/Technical Committee,https://www.socalsoccerleague.org/board-of-directors-technical-committee,Competitive
Central Cal Aztecs,http://socalsoccerleague.org,Becoming SOCAL,https://www.socalsoccerleague.org/becoming-socal,Competitive
Central Cal Aztecs,http://socalsoccerleague.org,By-Laws,https://www.socalsoccerleague.org/_files/ugd/c9d1d3_c04df58292864db993c9ec860a0a2133.pdf,Competitive
Central Cal Aztecs,http://socalsoccerleague.org,Club Directory,https://system.gotsport.com/org_event/events/43086/clubs,Program
Central Cal Aztecs,http://socalsoccerleague.org,Member Club Map,https://www.socalsoccerleague.org/member-club-map,Competitive
Central Cal Aztecs,http://socalsoccerleague.org,Partners,https://www.socalsoccerleague.org/partners,Competitive
Central Cal Aztecs,http://socalsoccerleague.org,Competitions,https://www.socalsoccerleague.org/competitions,Competitive
Central Cal Aztecs,http://socalsoccerleague.org,Fall,https://www.socalsoccerleague.org/fall,Competitive
Central Cal Aztecs,http://socalsoccerleague.org,Coaching Education,https://www.socalsoccerleague.org/coaching-education,Competitive
Central Cal Aztecs,http://socalsoccerleague.org,Referee Development,https://www.socalsoccerleague.org/referee-development,Competitive
Central Cal Aztecs,http://socalsoccerleague.org,2025 Fall Competitive Schedule,https://system.gotsport.com/org_event/events/43086,Competitive
Central Cal Aztecs,http://socalsoccerleague.org,2025 Fall Recreational Schedule,https://system.gotsport.com/org_event/events/46401,Recreational
Central Cal Aztecs,http://socalsoccerleague.org,2024 Fall Competitive Schedule,https://system.gotsport.com/org_event/events/33123,Competitive
Central Cal Aztecs,http://socalsoccerleague.org,2024 Fall Recreation Schedule,https://system.gotsport.com/org_event/events/36734,Recreational
Central Cal Aztecs,http://socalsoccerleague.org,Unified Players League,https://www.socalsoccerleague.org/unified-players-league,Competitive
Central Cal Aztecs,http://socalsoccerleague.org,Member Tournaments,https://www.socalsoccerleague.org/member-tournaments,Competitive
Central Cal Aztecs,http://socalsoccerleague.org,Referee Abuse Policy 531-9,https://www.socalsoccerleague.org/_files/ugd/c9d1d3_3d962f5dad8f434e9cba68f4887847a8.pdf,Competitive
Central Cal Aztecs,http://socalsoccerleague.org,SOCAL and ASA 202/27 Transition to NEWCOMP and Future Collaboration Outline,https://www.socalsoccerleague.org/_files/ugd/c9d1d3_eb2d679c32024fa0bed541eb3f9d5a5f.pdf,Competitive
Central Cal Aztecs,http://socalsoccerleague.org,SOCAL has teamed up with Trace to offer teams 1 FREE sideline camera and one PRO subscription,https://www.socalsoccerleague.org/_files/ugd/c9d1d3_5c06813983e541e2bc45256d2b9b59f8.pdf,Competitive
Central Cal Aztecs,http://socalsoccerleague.org,Age group cut-off update for 2026-27 season,https://www.socalsoccerleague.org/_files/ugd/c9d1d3_bb7364132baf4b7fb3cf27686b43cfc0.pdf,Competitive
Chelsea OC,http://socalsoccerleague.org,About,https://www.socalsoccerleague.org/about,Competitive
Chelsea OC,http://socalsoccerleague.org,Board of Directors/Technical Committee,https://www.socalsoccerleague.org/board-of-directors-technical-committee,Competitive
Chelsea OC,http://socalsoccerleague.org,Becoming SOCAL,https://www.socalsoccerleague.org/becoming-socal,Competitive
Chelsea OC,http://socalsoccerleague.org,By-Laws,https://www.socalsoccerleague.org/_files/ugd/c9d1d3_c04df58292864db993c9ec860a0a2133.pdf,Competitive
Chelsea OC,http://socalsoccerleague.org,Club Directory,https://system.gotsport.com/org_event/events/43086/clubs,Program
Chelsea OC,http://socalsoccerleague.org,Member Club Map,https://www.socalsoccerleague.org/member-club-map,Competitive
Chelsea OC,http://socalsoccerleague.org,Partners,https://www.socalsoccerleague.org/partners,Competitive
Chelsea OC,http://socalsoccerleague.org,Competitions,https://www.socalsoccerleague.org/competitions,Competitive
Chelsea OC,http://socalsoccerleague.org,Fall,https://www.socalsoccerleague.org/fall,Competitive
Chelsea OC,http://socalsoccerleague.org,Coaching Education,https://www.socalsoccerleague.org/coaching-education,Competitive
Chelsea OC,http://socalsoccerleague.org,Referee Development,https://www.socalsoccerleague.org/referee-development,Competitive
Chelsea OC,http://socalsoccerleague.org,2025 Fall Competitive Schedule,https://system.gotsport.com/org_event/events/43086,Competitive
Chelsea OC,http://socalsoccerleague.org,2025 Fall Recreational Schedule,https://system.gotsport.com/org_event/events/46401,Recreational
Chelsea OC,http://socalsoccerleague.org,2024 Fall Competitive Schedule,https://system.gotsport.com/org_event/events/33123,Competitive
Chelsea OC,http://socalsoccerleague.org,2024 Fall Recreation Schedule,https://system.gotsport.com/org_event/events/36734,Recreational
Chelsea OC,http://socalsoccerleague.org,Unified Players League,https://www.socalsoccerleague.org/unified-players-league,Competitive
Chelsea OC,http://socalsoccerleague.org,Member Tournaments,https://www.socalsoccerleague.org/member-tournaments,Competitive
Chelsea OC,http://socalsoccerleague.org,Referee Abuse Policy 531-9,https://www.socalsoccerleague.org/_files/ugd/c9d1d3_3d962f5dad8f434e9cba68f4887847a8.pdf,Competitive
Chelsea OC,http://socalsoccerleague.org,SOCAL and ASA 202/27 Transition to NEWCOMP and Future Collaboration Outline,https://www.socalsoccerleague.org/_files/ugd/c9d1d3_eb2d679c32024fa0bed541eb3f9d5a5f.pdf,Competitive
Chelsea OC,http://socalsoccerleague.org,SOCAL has teamed up with Trace to offer teams 1 FREE sideline camera and one PRO subscription,https://www.socalsoccerleague.org/_files/ugd/c9d1d3_5c06813983e541e2bc45256d2b9b59f8.pdf,Competitive
Chelsea OC,http://socalsoccerleague.org,Age group cut-off update for 2026-27 season,https://www.socalsoccerleague.org/_files/ugd/c9d1d3_bb7364132baf4b7fb3cf27686b43cfc0.pdf,Competitive
Chula Vista FC,http://socalsoccerleague.org,About,https://www.socalsoccerleague.org/about,Competitive
Chula Vista FC,http://socalsoccerleague.org,Board of Directors/Technical Committee,https://www.socalsoccerleague.org/board-of-directors-technical-committee,Competitive
Chula Vista FC,http://socalsoccerleague.org,Becoming SOCAL,https://www.socalsoccerleague.org/becoming-socal,Competitive
Chula Vista FC,http://socalsoccerleague.org,By-Laws,https://www.socalsoccerleague.org/_files/ugd/c9d1d3_c04df58292864db993c9ec860a0a2133.pdf,Competitive
Chula Vista FC,http://socalsoccerleague.org,Club Directory,https://system.gotsport.com/org_event/events/43086/clubs,Program
Chula Vista FC,http://socalsoccerleague.org,Member Club Map,https://www.socalsoccerleague.org/member-club-map,Competitive
Chula Vista FC,http://socalsoccerleague.org,Partners,https://www.socalsoccerleague.org/partners,Competitive
Chula Vista FC,http://socalsoccerleague.org,Competitions,https://www.socalsoccerleague.org/competitions,Competitive
Chula Vista FC,http://socalsoccerleague.org,Fall,https://www.socalsoccerleague.org/fall,Competitive
Chula Vista FC,http://socalsoccerleague.org,Coaching Education,https://www.socalsoccerleague.org/coaching-education,Competitive
Chula Vista FC,http://socalsoccerleague.org,Referee Development,https://www.socalsoccerleague.org/referee-development,Competitive
Chula Vista FC,http://socalsoccerleague.org,2025 Fall Competitive Schedule,https://system.gotsport.com/org_event/events/43086,Competitive
Chula Vista FC,http://socalsoccerleague.org,2025 Fall Recreational Schedule,https://system.gotsport.com/org_event/events/46401,Recreational
Chula Vista FC,http://socalsoccerleague.org,2024 Fall Competitive Schedule,https://system.gotsport.com/org_event/events/33123,Competitive
Chula Vista FC,http://socalsoccerleague.org,2024 Fall Recreation Schedule,https://system.gotsport.com/org_event/events/36734,Recreational
Chula Vista FC,http://socalsoccerleague.org,Unified Players League,https://www.socalsoccerleague.org/unified-players-league,Competitive
Chula Vista FC,http://socalsoccerleague.org,Member Tournaments,https://www.socalsoccerleague.org/member-tournaments,Competitive
Chula Vista FC,http://socalsoccerleague.org,Referee Abuse Policy 531-9,https://www.socalsoccerleague.org/_files/ugd/c9d1d3_3d962f5dad8f434e9cba68f4887847a8.pdf,Competitive
Chula Vista FC,http://socalsoccerleague.org,SOCAL and ASA 202/27 Transition to NEWCOMP and Future Collaboration Outline,https://www.socalsoccerleague.org/_files/ugd/c9d1d3_eb2d679c32024fa0bed541eb3f9d5a5f.pdf,Competitive
Chula Vista FC,http://socalsoccerleague.org,SOCAL has teamed up with Trace to offer teams 1 FREE sideline camera and one PRO subscription,https://www.socalsoccerleague.org/_files/ugd/c9d1d3_5c06813983e541e2bc45256d2b9b59f8.pdf,Competitive
Chula Vista FC,http://socalsoccerleague.org,Age group cut-off update for 2026-27 season,https://www.socalsoccerleague.org/_files/ugd/c9d1d3_bb7364132baf4b7fb3cf27686b43cfc0.pdf,Competitive
City SC,http://socalsoccerleague.org,About,https://www.socalsoccerleague.org/about,Competitive
City SC,http://socalsoccerleague.org,Board of Directors/Technical Committee,https://www.socalsoccerleague.org/board-of-directors-technical-committee,Competitive
City SC,http://socalsoccerleague.org,Becoming SOCAL,https://www.socalsoccerleague.org/becoming-socal,Competitive
City SC,http://socalsoccerleague.org,By-Laws,https://www.socalsoccerleague.org/_files/ugd/c9d1d3_c04df58292864db993c9ec860a0a2133.pdf,Competitive
City SC,http://socalsoccerleague.org,Club Directory,https://system.gotsport.com/org_event/events/43086/clubs,Program
City SC,http://socalsoccerleague.org,Member Club Map,https://www.socalsoccerleague.org/member-club-map,Competitive
City SC,http://socalsoccerleague.org,Partners,https://www.socalsoccerleague.org/partners,Competitive
City SC,http://socalsoccerleague.org,Competitions,https://www.socalsoccerleague.org/competitions,Competitive
City SC,http://socalsoccerleague.org,Fall,https://www.socalsoccerleague.org/fall,Competitive
City SC,http://socalsoccerleague.org,Coaching Education,https://www.socalsoccerleague.org/coaching-education,Competitive
City SC,http://socalsoccerleague.org,Referee Development,https://www.socalsoccerleague.org/referee-development,Competitive
City SC,http://socalsoccerleague.org,2025 Fall Competitive Schedule,https://system.gotsport.com/org_event/events/43086,Competitive
City SC,http://socalsoccerleague.org,2025 Fall Recreational Schedule,https://system.gotsport.com/org_event/events/46401,Recreational
City SC,http://socalsoccerleague.org,2024 Fall Competitive Schedule,https://system.gotsport.com/org_event/events/33123,Competitive
City SC,http://socalsoccerleague.org,2024 Fall Recreation Schedule,https://system.gotsport.com/org_event/events/36734,Recreational
City SC,http://socalsoccerleague.org,Unified Players League,https://www.socalsoccerleague.org/unified-players-league,Competitive
City SC,http://socalsoccerleague.org,Member Tournaments,https://www.socalsoccerleague.org/member-tournaments,Competitive
City SC,http://socalsoccerleague.org,Referee Abuse Policy 531-9,https://www.socalsoccerleague.org/_files/ugd/c9d1d3_3d962f5dad8f434e9cba68f4887847a8.pdf,Competitive
City SC,http://socalsoccerleague.org,SOCAL and ASA 202/27 Transition to NEWCOMP and Future Collaboration Outline,https://www.socalsoccerleague.org/_files/ugd/c9d1d3_eb2d679c32024fa0bed541eb3f9d5a5f.pdf,Competitive
City SC,http://socalsoccerleague.org,SOCAL has teamed up with Trace to offer teams 1 FREE sideline camera and one PRO subscription,https://www.socalsoccerleague.org/_files/ugd/c9d1d3_5c06813983e541e2bc45256d2b9b59f8.pdf,Competitive
City SC,http://socalsoccerleague.org,Age group cut-off update for 2026-27 season,https://www.socalsoccerleague.org/_files/ugd/c9d1d3_bb7364132baf4b7fb3cf27686b43cfc0.pdf,Competitive
City SC Chula Vista,http://socalsoccerleague.org,About,https://www.socalsoccerleague.org/about,Competitive
City SC Chula Vista,http://socalsoccerleague.org,Board of Directors/Technical Committee,https://www.socalsoccerleague.org/board-of-directors-technical-committee,Competitive
City SC Chula Vista,http://socalsoccerleague.org,Becoming SOCAL,https://www.socalsoccerleague.org/becoming-socal,Competitive
City SC Chula Vista,http://socalsoccerleague.org,By-Laws,https://www.socalsoccerleague.org/_files/ugd/c9d1d3_c04df58292864db993c9ec860a0a2133.pdf,Competitive
City SC Chula Vista,http://socalsoccerleague.org,Club Directory,https://system.gotsport.com/org_event/events/43086/clubs,Program
City SC Chula Vista,http://socalsoccerleague.org,Member Club Map,https://www.socalsoccerleague.org/member-club-map,Competitive
City SC Chula Vista,http://socalsoccerleague.org,Partners,https://www.socalsoccerleague.org/partners,Competitive
City SC Chula Vista,http://socalsoccerleague.org,Competitions,https://www.socalsoccerleague.org/competitions,Competitive
City SC Chula Vista,http://socalsoccerleague.org,Fall,https://www.socalsoccerleague.org/fall,Competitive
City SC Chula Vista,http://socalsoccerleague.org,Coaching Education,https://www.socalsoccerleague.org/coaching-education,Competitive
City SC Chula Vista,http://socalsoccerleague.org,Referee Development,https://www.socalsoccerleague.org/referee-development,Competitive
City SC Chula Vista,http://socalsoccerleague.org,2025 Fall Competitive Schedule,https://system.gotsport.com/org_event/events/43086,Competitive
City SC Chula Vista,http://socalsoccerleague.org,2025 Fall Recreational Schedule,https://system.gotsport.com/org_event/events/46401,Recreational
City SC Chula Vista,http://socalsoccerleague.org,2024 Fall Competitive Schedule,https://system.gotsport.com/org_event/events/33123,Competitive
City SC Chula Vista,http://socalsoccerleague.org,2024 Fall Recreation Schedule,https://system.gotsport.com/org_event/events/36734,Recreational
City SC Chula Vista,http://socalsoccerleague.org,Unified Players League,https://www.socalsoccerleague.org/unified-players-league,Competitive
City SC Chula Vista,http://socalsoccerleague.org,Member Tournaments,https://www.socalsoccerleague.org/member-tournaments,Competitive
City SC Chula Vista,http://socalsoccerleague.org,Referee Abuse Policy 531-9,https://www.socalsoccerleague.org/_files/ugd/c9d1d3_3d962f5dad8f434e9cba68f4887847a8.pdf,Competitive
City SC Chula Vista,http://socalsoccerleague.org,SOCAL and ASA 202/27 Transition to NEWCOMP and Future Collaboration Outline,https://www.socalsoccerleague.org/_files/ugd/c9d1d3_eb2d679c32024fa0bed541eb3f9d5a5f.pdf,Competitive
City SC Chula Vista,http://socalsoccerleague.org,SOCAL has teamed up with Trace to offer teams 1 FREE sideline camera and one PRO subscription,https://www.socalsoccerleague.org/_files/ugd/c9d1d3_5c06813983e541e2bc45256d2b9b59f8.pdf,Competitive
City SC Chula Vista,http://socalsoccerleague.org,Age group cut-off update for 2026-27 season,https://www.socalsoccerleague.org/_files/ugd/c9d1d3_bb7364132baf4b7fb3cf27686b43cfc0.pdf,Competitive
City SC - San Marcos,http://socalsoccerleague.org,About,https://www.socalsoccerleague.org/about,Competitive
City SC - San Marcos,http://socalsoccerleague.org,Board of Directors/Technical Committee,https://www.socalsoccerleague.org/board-of-directors-technical-committee,Competitive
City SC - San Marcos,http://socalsoccerleague.org,Becoming SOCAL,https://www.socalsoccerleague.org/becoming-socal,Competitive
City SC - San Marcos,http://socalsoccerleague.org,By-Laws,https://www.socalsoccerleague.org/_files/ugd/c9d1d3_c04df58292864db993c9ec860a0a2133.pdf,Competitive
City SC - San Marcos,http://socalsoccerleague.org,Club Directory,https://system.gotsport.com/org_event/events/43086/clubs,Program
City SC - San Marcos,http://socalsoccerleague.org,Member Club Map,https://www.socalsoccerleague.org/member-club-map,Competitive
City SC - San Marcos,http://socalsoccerleague.org,Partners,https://www.socalsoccerleague.org/partners,Competitive
City SC - San Marcos,http://socalsoccerleague.org,Competitions,https://www.socalsoccerleague.org/competitions,Competitive
City SC - San Marcos,http://socalsoccerleague.org,Fall,https://www.socalsoccerleague.org/fall,Competitive
City SC - San Marcos,http://socalsoccerleague.org,Coaching Education,https://www.socalsoccerleague.org/coaching-education,Competitive
City SC - San Marcos,http://socalsoccerleague.org,Referee Development,https://www.socalsoccerleague.org/referee-development,Competitive
City SC - San Marcos,http://socalsoccerleague.org,2025 Fall Competitive Schedule,https://system.gotsport.com/org_event/events/43086,Competitive
City SC - San Marcos,http://socalsoccerleague.org,2025 Fall Recreational Schedule,https://system.gotsport.com/org_event/events/46401,Recreational
City SC - San Marcos,http://socalsoccerleague.org,2024 Fall Competitive Schedule,https://system.gotsport.com/org_event/events/33123,Competitive
City SC - San Marcos,http://socalsoccerleague.org,2024 Fall Recreation Schedule,https://system.gotsport.com/org_event/events/36734,Recreational
City SC - San Marcos,http://socalsoccerleague.org,Unified Players League,https://www.socalsoccerleague.org/unified-players-league,Competitive
City SC - San Marcos,http://socalsoccerleague.org,Member Tournaments,https://www.socalsoccerleague.org/member-tournaments,Competitive
City SC - San Marcos,http://socalsoccerleague.org,Referee Abuse Policy 531-9,https://www.socalsoccerleague.org/_files/ugd/c9d1d3_3d962f5dad8f434e9cba68f4887847a8.pdf,Competitive
City SC - San Marcos,http://socalsoccerleague.org,SOCAL and ASA 202/27 Transition to NEWCOMP and Future Collaboration Outline,https://www.socalsoccerleague.org/_files/ugd/c9d1d3_eb2d679c32024fa0bed541eb3f9d5a5f.pdf,Competitive
City SC - San Marcos,http://socalsoccerleague.org,SOCAL has teamed up with Trace to offer teams 1 FREE sideline camera and one PRO subscription,https://www.socalsoccerleague.org/_files/ugd/c9d1d3_5c06813983e541e2bc45256d2b9b59f8.pdf,Competitive
City SC - San Marcos,http://socalsoccerleague.org,Age group cut-off update for 2026-27 season,https://www.socalsoccerleague.org/_files/ugd/c9d1d3_bb7364132baf4b7fb3cf27686b43cfc0.pdf,Competitive
City SC South Bay,http://socalsoccerleague.org,About,https://www.socalsoccerleague.org/about,Competitive
City SC South Bay,http://socalsoccerleague.org,Board of Directors/Technical Committee,https://www.socalsoccerleague.org/board-of-directors-technical-committee,Competitive
City SC South Bay,http://socalsoccerleague.org,Becoming SOCAL,https://www.socalsoccerleague.org/becoming-socal,Competitive
City SC South Bay,http://socalsoccerleague.org,By-Laws,https://www.socalsoccerleague.org/_files/ugd/c9d1d3_c04df58292864db993c9ec860a0a2133.pdf,Competitive
City SC South Bay,http://socalsoccerleague.org,Club Directory,https://system.gotsport.com/org_event/events/43086/clubs,Program
City SC South Bay,http://socalsoccerleague.org,Member Club Map,https://www.socalsoccerleague.org/member-club-map,Competitive
City SC South Bay,http://socalsoccerleague.org,Partners,https://www.socalsoccerleague.org/partners,Competitive
City SC South Bay,http://socalsoccerleague.org,Competitions,https://www.socalsoccerleague.org/competitions,Competitive
City SC South Bay,http://socalsoccerleague.org,Fall,https://www.socalsoccerleague.org/fall,Competitive
City SC South Bay,http://socalsoccerleague.org,Coaching Education,https://www.socalsoccerleague.org/coaching-education,Competitive
City SC South Bay,http://socalsoccerleague.org,Referee Development,https://www.socalsoccerleague.org/referee-development,Competitive
City SC South Bay,http://socalsoccerleague.org,2025 Fall Competitive Schedule,https://system.gotsport.com/org_event/events/43086,Competitive
City SC South Bay,http://socalsoccerleague.org,2025 Fall Recreational Schedule,https://system.gotsport.com/org_event/events/46401,Recreational
City SC South Bay,http://socalsoccerleague.org,2024 Fall Competitive Schedule,https://system.gotsport.com/org_event/events/33123,Competitive
City SC South Bay,http://socalsoccerleague.org,2024 Fall Recreation Schedule,https://system.gotsport.com/org_event/events/36734,Recreational
City SC South Bay,http://socalsoccerleague.org,Unified Players League,https://www.socalsoccerleague.org/unified-players-league,Competitive
City SC South Bay,http://socalsoccerleague.org,Member Tournaments,https://www.socalsoccerleague.org/member-tournaments,Competitive
City SC South Bay,http://socalsoccerleague.org,Referee Abuse Policy 531-9,https://www.socalsoccerleague.org/_files/ugd/c9d1d3_3d962f5dad8f434e9cba68f4887847a8.pdf,Competitive
City SC South Bay,http://socalsoccerleague.org,SOCAL and ASA 202/27 Transition to NEWCOMP and Future Collaboration Outline,https://www.socalsoccerleague.org/_files/ugd/c9d1d3_eb2d679c32024fa0bed541eb3f9d5a5f.pdf,Competitive
City SC South Bay,http://socalsoccerleague.org,SOCAL has teamed up with Trace to offer teams 1 FREE sideline camera and one PRO subscription,https://www.socalsoccerleague.org/_files/ugd/c9d1d3_5c06813983e541e2bc45256d2b9b59f8.pdf,Competitive
City SC South Bay,http://socalsoccerleague.org,Age group cut-off update for 2026-27 season,https://www.socalsoccerleague.org/_files/ugd/c9d1d3_bb7364132baf4b7fb3cf27686b43cfc0.pdf,Competitive
