club,state,website,program_name,program_url,program_type
Barca Residency Academy,AZ,https://barcaacademy.com,label.aria.academylogo,https://barcaacademy.com/en/,Academy
Barca Residency Academy,AZ,https://barcaacademy.com,Barça Academy,https://barcaacademy.com/en/academy/barca-academy/,Academy
Barca Residency Academy,AZ,https://barcaacademy.com,Camps,https://barcaacademy.com/en/camps/barcelona/summer-football/with-residence,Academy
Barca Residency Academy,AZ,https://barcaacademy.com,The Project,https://barcaacademy.com/en/the-project/,Academy
Barca Residency Academy,AZ,https://barcaacademy.com,Success stories,https://barcaacademy.com/en/about-us/success-stories,Academy
Barca Residency Academy,AZ,https://barcaacademy.com,Coaches,https://barcaacademy.com/en/about-us/coaches/barca-academy/,Academy
Barca Residency Academy,AZ,https://barcaacademy.com,Locations,https://barcaacademy.com/en/about-us/map,Academy
Barca Residency Academy,AZ,https://barcaacademy.com,Barça Escola Barcelona,https://barcaacademy.com/en/academy/barca-escola/,Academy
Barca Residency Academy,AZ,https://barcaacademy.com,Barça Escola Development,https://barcaacademy.com/en/academy/barca-escola-development-football,Academy
Barca Residency Academy,AZ,https://barcaacademy.com,Barça Academy Pro,https://barcaacademy.com/en/academy/barca-academy-pro/,Academy
Barca Residency Academy,AZ,https://barcaacademy.com,Barça Residency Academy,https://barcaacademy.com/en/academy/barca-residency-academy,Academy
Barca Residency Academy,AZ,https://barcaacademy.com,Trials,https://barcaacademy.com/en/academy/trials,Academy
Barca Residency Academy,AZ,https://barcaacademy.com,Football/Soccer in Barcelona,https://barcaacademy.com/en/camps/barcelona/summer-football/packs/with-residence/,Academy
Barca Residency Academy,AZ,https://barcaacademy.com,Camps Pro,https://barcaacademy.com/en/camps/camps-pro,Academy
Barca Residency Academy,AZ,https://barcaacademy.com,More than 30 label.aria.football Academies More than 45K label.aria.player Kids Over 180 label.aria.pitch Campus Present at all 5 label.aria.network Continents,https://barcaacademy.com/en/camps/international,Academy
Barca Residency Academy,AZ,https://barcaacademy.com,Clinics,https://barcaacademy.com/en/clinics,Academy
Barca Residency Academy,AZ,https://barcaacademy.com,Tournaments,https://barcaacademy.com/en/competitions,Academy
Barca Residency Academy,AZ,https://barcaacademy.com,Available camps,https://barcaacademy.com/en/camps/miami/available-camps,Academy
Barca Residency Academy,AZ,https://barcaacademy.com,Why Barça?,https://barcaacademy.com/en/camps/miami/why-barca,Academy
Barca Residency Academy,AZ,https://barcaacademy.com,Locations and schedule,https://barcaacademy.com/en/camps/miami/locations-and-schedule,Academy
Barca Residency Academy,AZ,https://barcaacademy.com,Venues,https://barcaacademy.com/en/camps/miami/venues,Academy
Barca Residency Academy,AZ,https://barcaacademy.com,FAQ,https://barcaacademy.com/en/camps/miami/faq,Academy
SC Del Sol,AZ,https://scdelsol.com,Girls Tryouts,https://www.scdelsol.com/girls-tryouts,Program
SC Del Sol,AZ,https://scdelsol.com,Boys Tryouts,https://www.scdelsol.com/boys-tryouts,Program
SC Del Sol,AZ,https://scdelsol.com,Girls' Overview,https://www.scdelsol.com/girls-overview,Program
SC Del Sol,AZ,https://scdelsol.com,Boys' Overview,https://www.scdelsol.com/boys-overview,Program
SC Del Sol,AZ,https://scdelsol.com,Player Registration,https://www.scdelsol.com/player-registration,Program
ALBION SC Los Angeles,CA,https://www.albionsoccer.org,National Team Players,https://www.albionsoccer.org/national-team-players,Program
ALBION SC Merced,CA,https://www.albionsoccer.org,National Team Players,https://www.albionsoccer.org/national-team-players,Program
Chula Vista FC,CA,https://chulavistafc.com,DPL | Our Girls,https://chulavistafc.com/dpl-our-girls/,Program
Chula Vista FC,CA,https://chulavistafc.com,MLS Next & EA | Our Boys,https://chulavistafc.com/mls-next/,MLS NEXT
Chula Vista FC,CA,https://chulavistafc.com,SoCal Soccer League,https://chulavistafc.com/social-soccer-league/,Program
Chula Vista FC,CA,https://chulavistafc.com,Mini Maestros League,https://chulavistafc.com/mini-maestros-league/,Program
Chula Vista FC,CA,https://chulavistafc.com,Mini Maestros program is a total success!!,https://chulavistafc.com/mini-maestros-program-is-a-total-success/,Program
Chula Vista FC,CA,https://chulavistafc.com,Mini Maestros League Coaching Staff,https://chulavistafc.com/mini-maestros-league-coaching-staff/,Program
Chula Vista FC,CA,https://chulavistafc.com,Read More,https://chulavistafc.com/girls-program,Program
Chula Vista FC,CA,https://chulavistafc.com,Read More,https://chulavistafc.com/boys-program,Program
Chula Vista FC,CA,https://chulavistafc.com,Events Schedule,https://chulavistafc.com/upcoming-events,Program
LA Galaxy,CA,https://www.lagalaxy.com/academy,Academy,https://www.lagalaxy.com/Academy,Academy
LA Galaxy,CA,https://www.lagalaxy.com/academy,Academy,https://www.lagalaxy.com/academy,Academy
LA Galaxy,CA,https://www.lagalaxy.com/academy,U-15 Roster,https://www.lagalaxy.com/academy/teams/u-15,Academy
LA Galaxy,CA,https://www.lagalaxy.com/academy,U-16 Roster,https://www.lagalaxy.com/academy/teams/u-16,Academy
LA Galaxy,CA,https://www.lagalaxy.com/academy,U-18 Roster,https://www.lagalaxy.com/academy/teams/u-18,Academy
LA Galaxy,CA,https://www.lagalaxy.com/academy,Academy Coaching Staff,https://www.lagalaxy.com/academy/staff,Academy
LA Galaxy,CA,https://www.lagalaxy.com/academy,Recruitment,https://www.lagalaxy.com/academy/recruitment,Academy
LA Galaxy,CA,https://www.lagalaxy.com/academy,3:56 LA Galaxy Academy FOX 11 Feature 07 May 2026,https://www.lagalaxy.com/video/la-galaxy-academy-fox-11-feature,Academy
LA Galaxy,CA,https://www.lagalaxy.com/academy,0:25 Landon Donovan Meets the LA Galaxy Academy 30 March 2026,https://www.lagalaxy.com/video/landon-donovan-meets-the-la-galaxy-academy,Academy
LA Galaxy,CA,https://www.lagalaxy.com/academy,Schedule,https://www.lagalaxy.com/schedule,Program
Los Angeles Bulls Soccer Club,CA,https://www.labulls.org,JOIN US,https://www.labulls.org/leagues/,Program
Los Angeles Bulls Soccer Club,CA,https://www.labulls.org,Competitive Teams,https://www.labulls.org/competitive-teams/,Competitive
Los Angeles Bulls Soccer Club,CA,https://www.labulls.org,Elite Teams,https://www.labulls.org/elite-teams/,Program
Los Angeles Bulls Soccer Club,CA,https://www.labulls.org,Programs,https://www.labulls.org/programs/,Program
Los Angeles Bulls Soccer Club,CA,https://www.labulls.org,MLS Next ID clinics,https://www.labulls.org/mls-next-id-clinics/,MLS NEXT
Los Angeles Bulls Soccer Club,CA,https://www.labulls.org,Team Manager’s Corner,https://www.labulls.org/team-managers-corner/,Program
Sacramento Republic,CA,https://www.sacrepublicfc.com/academy,Schedule,https://www.sacrepublicfc.com/schedule/,Program
Sacramento Republic,CA,https://www.sacrepublicfc.com/academy,Download Schedule,https://www.sacrepublicfc.com/wp-content/uploads/sites/33/2025/12/Schedule-1.pdf,Program
Sacramento Republic,CA,https://www.sacrepublicfc.com/academy,Republic Elite,https://www.sacrepublicfc.com/republic-elite/,Program
Sacramento Republic,CA,https://www.sacrepublicfc.com/academy,SRFC Unified Team,https://www.sacrepublicfc.com/unifiedteam/,Program
Sacramento Republic,CA,https://www.sacrepublicfc.com/academy,Academy,https://www.sacrepublicfc.com/academy/,Academy
Sacramento Republic,CA,https://www.sacrepublicfc.com/academy,2026 Academy Tryouts,https://www.sacrepublicfc.com/academy-tryouts/,Academy
Sacramento Republic,CA,https://www.sacrepublicfc.com/academy,Staff,https://www.sacrepublicfc.com/academystaff/,Academy
Sacramento Republic,CA,https://www.sacrepublicfc.com/academy,Residential Program,https://www.sacrepublicfc.com/residential-program/,Program
Sacramento Republic,CA,https://www.sacrepublicfc.com/academy,FAQs,https://www.sacrepublicfc.com/academy-faqs/,Academy
San Diego FC,CA,https://www.sandiegofc.com/academy,Academy,https://www.sandiegofc.com/academy/index,Academy
San Diego FC,CA,https://www.sandiegofc.com/academy,About,https://www.sandiegofc.com/academy/about,Academy
San Diego FC,CA,https://www.sandiegofc.com/academy,Academics,https://www.sandiegofc.com/academy/academics,Academy
San Diego FC,CA,https://www.sandiegofc.com/academy,Football,https://www.sandiegofc.com/academy/football,Academy
San Diego FC,CA,https://www.sandiegofc.com/academy,Performance Center,https://www.sandiegofc.com/academy/performance-center,Academy
San Diego FC,CA,https://www.sandiegofc.com/academy,Residential,https://www.sandiegofc.com/academy/residential,Academy
San Diego FC,CA,https://www.sandiegofc.com/academy,Right To Dream,https://www.sandiegofc.com/academy/right-to-dream,Academy
San Diego FC,CA,https://www.sandiegofc.com/academy,Staff,https://www.sandiegofc.com/academy/staff,Academy
San Diego FC,CA,https://www.sandiegofc.com/academy,Recruitment,https://www.sandiegofc.com/academy/recruitment/index,Academy
San Diego FC,CA,https://www.sandiegofc.com/academy,Schedule,https://www.sandiegofc.com/schedule/,Program
San Jose Earthquakes,CA,https://www.sjearthquakes.com/academy,Academy,https://www.sjearthquakes.com/academy,Academy
San Jose Earthquakes,CA,https://www.sjearthquakes.com/academy,Academy Home,https://www.sjearthquakes.com/academy/index,Academy
San Jose Earthquakes,CA,https://www.sjearthquakes.com/academy,Staff,https://www.sjearthquakes.com/academy/staff/home,Academy
San Jose Earthquakes,CA,https://www.sjearthquakes.com/academy,Player Profiles,https://www.sjearthquakes.com/academy/playerprofiles,Academy
San Jose Earthquakes,CA,https://www.sjearthquakes.com/academy,Recruitment,https://www.sjearthquakes.com/academy/recruitment,Academy
San Jose Earthquakes,CA,https://www.sjearthquakes.com/academy,Academy Alumni,https://www.sjearthquakes.com/academy/alumni,Academy
San Jose Earthquakes,CA,https://www.sjearthquakes.com/academy,Partners in Development,https://www.sjearthquakes.com/academy/partners,Academy
San Jose Earthquakes,CA,https://www.sjearthquakes.com/academy,FAQs,https://www.sjearthquakes.com/academy/faqs,Academy
San Jose Earthquakes,CA,https://www.sjearthquakes.com/academy,Schedule,https://www.sjearthquakes.com/schedule/index,Program
Strikers FC,CA,https://www.strikersfc.com,Our Pathway,https://www.strikersfc.com/our-pathway,Development
Strikers FC,CA,https://www.strikersfc.com,MLS Next,https://www.strikersfc.com/mlsnext,MLS NEXT
Strikers FC,CA,https://www.strikersfc.com,Elite Academy,https://www.strikersfc.com/eliteacademyleague,Academy
Strikers FC,CA,https://www.strikersfc.com,Teams,https://www.strikersfc.com/teams,Program
Strikers FC,CA,https://www.strikersfc.com,Request tryout,https://www.strikersfc.com/request-tryout,Program
Strikers FC,CA,https://www.strikersfc.com,Folder: Teams + Staff,https://www.strikersfc.com/teams-staff,Program
Total Futbol Academy,CA,https://totalfutbolacademy.com,HOME,https://totalfutbolacademy.com/page/show/42220--home-,Academy
Total Futbol Academy,CA,https://totalfutbolacademy.com,STAFF,https://totalfutbolacademy.com/page/show/3974453--leadership-,Academy
Total Futbol Academy,CA,https://totalfutbolacademy.com,TFA-PRO,https://totalfutbolacademy.com/page/show/44518--welcome-,Academy
Total Futbol Academy,CA,https://totalfutbolacademy.com,TEAMS / CHAPTERS,https://totalfutbolacademy.com/page/show/44520--join-us-,Academy
Total Futbol Academy,CA,https://totalfutbolacademy.com,AFFILIATE,https://totalfutbolacademy.com/page/show/7804544-join-us-,Academy
Total Futbol Academy,CA,https://totalfutbolacademy.com,TOURNAMENT,https://totalfutbolacademy.com/page/show/3377232--welcome-,Academy
Total Futbol Academy,CA,https://totalfutbolacademy.com,EURO TRIPS,https://totalfutbolacademy.com/page/show/9513995-our-euro-trips,Academy
Total Futbol Academy,CA,https://totalfutbolacademy.com,FOLLOW US,https://totalfutbolacademy.com/page/show/42228--social-media-,Academy
Total Futbol Academy,CA,https://totalfutbolacademy.com,ABOUT US,https://totalfutbolacademy.com/page/show/8838588-about-us,Academy
Total Futbol Academy,CA,https://totalfutbolacademy.com,KIDS OFF The Streets,https://totalfutbolacademy.com/page/show/3974224--the-mission-,Academy
Total Futbol Academy,CA,https://totalfutbolacademy.com,DONATE,https://totalfutbolacademy.com/page/show/3469083--thank-you-,Academy
Total Futbol Academy,CA,https://totalfutbolacademy.com,OUR SUPPORTERS,https://totalfutbolacademy.com/page/show/223254-thank-you-,Academy
Total Futbol Academy,CA,https://totalfutbolacademy.com,IN THE SPOTLIGHT,https://totalfutbolacademy.com/page/show/836997--celebrating-our-alumni-,Academy
Total Futbol Academy,CA,https://totalfutbolacademy.com,CLUB POLICIES,https://totalfutbolacademy.com/page/show/931057--please-read-,Academy
Total Futbol Academy,CA,https://totalfutbolacademy.com,CONTACT US,https://totalfutbolacademy.com/page/show/7804548-contact-us,Academy
Total Futbol Academy,CA,https://totalfutbolacademy.com,PROGRAM,https://www.totalfutbolacademy.com/page/show/7804544-join-us-,Academy
Colorado Rapids,CO,https://www.coloradorapids.com/academy,Home,https://www.coloradorapids.com/academy/index,Academy
Colorado Rapids,CO,https://www.coloradorapids.com/academy,Teams,https://www.coloradorapids.com/academy/rosters,Academy
Colorado Rapids,CO,https://www.coloradorapids.com/academy,FAQ,https://www.coloradorapids.com/academy/faq,Academy
Colorado Rapids,CO,https://www.coloradorapids.com/academy,Player Identification,https://www.coloradorapids.com/academy/tryouts,Academy
Colorado Rapids,CO,https://www.coloradorapids.com/academy,Online School Program,https://www.coloradorapids.com/academy/online-school-program,Academy
Colorado Rapids,CO,https://www.coloradorapids.com/academy,Homestay Program,https://www.coloradorapids.com/academy/homestay-program,Academy
Colorado Rapids,CO,https://www.coloradorapids.com/academy,Futures Program,https://www.coloradorapids.com/academy/futures-program,Academy
Colorado Rapids,CO,https://www.coloradorapids.com/academy,Youth Clubs,https://www.coloradorapids.com/academy/youthclubs,Academy
Colorado Rapids,CO,https://www.coloradorapids.com/academy,Contact Us,https://www.coloradorapids.com/academy/contact-us,Academy
IMG Academy,FL,https://www.imgacademy.com/sports/soccer,About us,https://www.imgacademy.com/about-img-academy,Academy
IMG Academy,FL,https://www.imgacademy.com/sports/soccer,Foundation,https://www.imgacademy.com/foundation,Academy
IMG Academy,FL,https://www.imgacademy.com/sports/soccer,Resources,https://www.imgacademy.com/resources,Academy
IMG Academy,FL,https://www.imgacademy.com/sports/soccer,Boarding school,https://www.imgacademy.com/boarding-school,Academy
IMG Academy,FL,https://www.imgacademy.com/sports/soccer,Apply Now,https://www.imgacademy.com/boarding-school/apply-now,Academy
IMG Academy,FL,https://www.imgacademy.com/sports/soccer,Admissions & Tuition,https://www.imgacademy.com/boarding-school/admissions-tuition,Academy
IMG Academy,FL,https://www.imgacademy.com/sports/soccer,Academics,https://www.imgacademy.com/boarding-school/academics,Academy
IMG Academy,FL,https://www.imgacademy.com/sports/soccer,Personal Development,https://www.imgacademy.com/boarding-school/personal-development,Academy
IMG Academy,FL,https://www.imgacademy.com/sports/soccer,College Placement,https://www.imgacademy.com/boarding-school/college-placement,Academy
IMG Academy,FL,https://www.imgacademy.com/sports/soccer,Activities & Campus Life,https://www.imgacademy.com/boarding-school/activities-campus-life,Academy
IMG Academy,FL,https://www.imgacademy.com/sports/soccer,Housing & Amenities,https://www.imgacademy.com/boarding-school/housing-amenities,Academy
IMG Academy,FL,https://www.imgacademy.com/sports/soccer,Student & Camper Safety,https://www.imgacademy.com/boarding-school/housing-amenities/student-safety,Academy
IMG Academy,FL,https://www.imgacademy.com/sports/soccer,Basketball,https://www.imgacademy.com/boarding-school/basketball-girls,Academy
IMG Academy,FL,https://www.imgacademy.com/sports/soccer,Golf,https://www.imgacademy.com/boarding-school/golf-girls,Academy
IMG Academy,FL,https://www.imgacademy.com/sports/soccer,Lacrosse,https://www.imgacademy.com/boarding-school/lacrosse-girls,Academy
IMG Academy,FL,https://www.imgacademy.com/sports/soccer,Soccer,https://www.imgacademy.com/boarding-school/soccer-girls,Academy
IMG Academy,FL,https://www.imgacademy.com/sports/soccer,Softball,https://www.imgacademy.com/boarding-school/softball-girls,Academy
IMG Academy,FL,https://www.imgacademy.com/sports/soccer,Swimming,https://www.imgacademy.com/swimming,Academy
IMG Academy,FL,https://www.imgacademy.com/sports/soccer,Tennis,https://www.imgacademy.com/boarding-school/tennis-girls,Academy
IMG Academy,FL,https://www.imgacademy.com/sports/soccer,Track & Field,https://www.imgacademy.com/boarding-school/track-and-field-and-cross-country-girls,Academy
IMG Academy,FL,https://www.imgacademy.com/sports/soccer,Volleyball,https://www.imgacademy.com/boarding-school/volleyball-girls,Academy
IMG Academy,FL,https://www.imgacademy.com/sports/soccer,Baseball,https://www.imgacademy.com/boarding-school/baseball,Academy
IMG Academy,FL,https://www.imgacademy.com/sports/soccer,Basketball,https://www.imgacademy.com/boarding-school/basketball,Academy
IMG Academy,FL,https://www.imgacademy.com/sports/soccer,Football,https://www.imgacademy.com/boarding-school/football,Academy
IMG Academy,FL,https://www.imgacademy.com/sports/soccer,Golf,https://www.imgacademy.com/boarding-school/golf,Academy
IMG Academy,FL,https://www.imgacademy.com/sports/soccer,Lacrosse,https://www.imgacademy.com/boarding-school/lacrosse,Academy
IMG Academy,FL,https://www.imgacademy.com/sports/soccer,Soccer,https://www.imgacademy.com/boarding-school/soccer,Academy
IMG Academy,FL,https://www.imgacademy.com/sports/soccer,Tennis,https://www.imgacademy.com/boarding-school/tennis,Academy
IMG Academy,FL,https://www.imgacademy.com/sports/soccer,Track & Field,https://www.imgacademy.com/boarding-school/track-and-field-and-cross-country,Academy
IMG Academy,FL,https://www.imgacademy.com/sports/soccer,Volleyball,https://www.imgacademy.com/boarding-school/volleyball-boys,Academy
IMG Academy,FL,https://www.imgacademy.com/sports/soccer,Wrestling,https://www.imgacademy.com/boarding-school/wrestling,Academy
IMG Academy,FL,https://www.imgacademy.com/sports/soccer,Sport camps,https://www.imgacademy.com/sport-camps,Academy
IMG Academy,FL,https://www.imgacademy.com/sports/soccer,Activities & Campus Life,https://www.imgacademy.com/sport-camps/campus-life,Academy
IMG Academy,FL,https://www.imgacademy.com/sports/soccer,Special Rates & Group Benefits,https://www.imgacademy.com/special-group-rates,Academy
IMG Academy,FL,https://www.imgacademy.com/sports/soccer,IMG Academy Summit,https://www.imgacademy.com/sport-camps/img-academy-summit,Academy
IMG Academy,FL,https://www.imgacademy.com/sports/soccer,Esports Summer Camp,https://www.imgacademy.com/sport-camps/esports,Academy
IMG Academy,FL,https://www.imgacademy.com/sports/soccer,Basketball,https://www.imgacademy.com/sport-camps/girls-basketball-camp,Academy
IMG Academy,FL,https://www.imgacademy.com/sports/soccer,Flag Football,https://www.imgacademy.com/sport-camps/girls-flag-football-camp,Academy
IMG Academy,FL,https://www.imgacademy.com/sports/soccer,Golf,https://www.imgacademy.com/sport-camps/girls-golf-camp,Academy
IMG Academy,FL,https://www.imgacademy.com/sports/soccer,Lacrosse,https://www.imgacademy.com/sport-camps/girls-lacrosse-camp,Academy
IMG Academy,FL,https://www.imgacademy.com/sports/soccer,Performance,https://www.imgacademy.com/sport-camps/performance-camp,Academy
IMG Academy,FL,https://www.imgacademy.com/sports/soccer,Soccer,https://www.imgacademy.com/sport-camps/girls-soccer-camp,Academy
IMG Academy,FL,https://www.imgacademy.com/sports/soccer,Softball,https://www.imgacademy.com/sport-camps/girls-softball-camp,Academy
IMG Academy,FL,https://www.imgacademy.com/sports/soccer,Tennis,https://www.imgacademy.com/sport-camps/girls-tennis-camp,Academy
IMG Academy,FL,https://www.imgacademy.com/sports/soccer,Track & Field,https://www.imgacademy.com/sport-camps/girls-track-field-and-cross-country-camp,Academy
IMG Academy,FL,https://www.imgacademy.com/sports/soccer,Volleyball,https://www.imgacademy.com/sport-camps/girls-volleyball-camp,Academy
IMG Academy,FL,https://www.imgacademy.com/sports/soccer,Wrestling,https://www.imgacademy.com/sport-camps/girls-wrestling-camp,Academy
IMG Academy,FL,https://www.imgacademy.com/sports/soccer,Baseball,https://www.imgacademy.com/sport-camps/baseball-camp,Academy
IMG Academy,FL,https://www.imgacademy.com/sports/soccer,Basketball,https://www.imgacademy.com/sport-camps/basketball-camp,Academy
IMG Academy,FL,https://www.imgacademy.com/sports/soccer,Football,https://www.imgacademy.com/sport-camps/football-camp,Academy
IMG Academy,FL,https://www.imgacademy.com/sports/soccer,Golf,https://www.imgacademy.com/sport-camps/golf-camp,Academy
IMG Academy,FL,https://www.imgacademy.com/sports/soccer,Lacrosse,https://www.imgacademy.com/sport-camps/lacrosse-camp,Academy
IMG Academy,FL,https://www.imgacademy.com/sports/soccer,Soccer,https://www.imgacademy.com/sport-camps/soccer-camp,Academy
IMG Academy,FL,https://www.imgacademy.com/sports/soccer,Tennis,https://www.imgacademy.com/sport-camps/tennis-camp,Academy
IMG Academy,FL,https://www.imgacademy.com/sports/soccer,Track & Field,https://www.imgacademy.com/sport-camps/track-field-and-cross-country-camp,Academy
IMG Academy,FL,https://www.imgacademy.com/sports/soccer,Volleyball,https://www.imgacademy.com/sport-camps/boys-volleyball-camp,Academy
IMG Academy,FL,https://www.imgacademy.com/sports/soccer,Wrestling,https://www.imgacademy.com/sport-camps/wrestling-camp,Academy
IMG Academy,FL,https://www.imgacademy.com/sports/soccer,Adult tennis camp,https://www.imgacademy.com/adult-tennis-camp,Academy
IMG Academy,FL,https://www.imgacademy.com/sports/soccer,Events,https://www.imgacademy.com/events,Academy
IMG Academy,FL,https://www.imgacademy.com/sports/soccer,Corporate Retreats,https://www.imgacademy.com/team-group-corporate,Academy
IMG Academy,FL,https://www.imgacademy.com/sports/soccer,Club fittings,https://www.imgacademy.com/accommodations-and-travel/tour-studio,Academy
IMG Academy,FL,https://www.imgacademy.com/sports/soccer,Hall Of Fame,https://www.imgacademy.com/hall-of-fame,Academy
IMG Academy,FL,https://www.imgacademy.com/sports/soccer,Essentials: On-demand resources,https://plus.imgacademy.com/memberships/essentials,Academy
IMG Academy,FL,https://www.imgacademy.com/sports/soccer,1-on-1: Personalized live coaching,https://plus.imgacademy.com/memberships/one-on-one,Academy
IMG Academy,FL,https://www.imgacademy.com/sports/soccer,Mental performance coaching,https://plus.imgacademy.com/developmental-coaching/mental-performance,Academy
IMG Academy,FL,https://www.imgacademy.com/sports/soccer,Nutrition coaching,https://plus.imgacademy.com/developmental-coaching/nutrition,Academy
IMG Academy,FL,https://www.imgacademy.com/sports/soccer,Online Resource Library,https://plus.imgacademy.com/resources,Academy
IMG Academy,FL,https://www.imgacademy.com/sports/soccer,College recruiting,https://plus.imgacademy.com/college-recruiting,Academy
IMG Academy,FL,https://www.imgacademy.com/sports/soccer,Basketball,https://plus.imgacademy.com/college-recruiting/colleges/womens-basketball,Academy
IMG Academy,FL,https://www.imgacademy.com/sports/soccer,Beach Volleyball,https://plus.imgacademy.com/college-recruiting/colleges/womens-beach-volleyball,Academy
IMG Academy,FL,https://www.imgacademy.com/sports/soccer,Diving,https://plus.imgacademy.com/college-recruiting/colleges/womens-diving,Academy
IMG Academy,FL,https://www.imgacademy.com/sports/soccer,Field Hockey,https://plus.imgacademy.com/college-recruiting/colleges/field-hockey,Academy
IMG Academy,FL,https://www.imgacademy.com/sports/soccer,Golf,https://plus.imgacademy.com/college-recruiting/colleges/womens-golf,Academy
IMG Academy,FL,https://www.imgacademy.com/sports/soccer,Gymnastics,https://plus.imgacademy.com/college-recruiting/colleges/womens-gymnastics,Academy
IMG Academy,FL,https://www.imgacademy.com/sports/soccer,Ice Hockey,https://plus.imgacademy.com/college-recruiting/colleges/womens-ice-hockey,Academy
IMG Academy,FL,https://www.imgacademy.com/sports/soccer,Lacrosse,https://plus.imgacademy.com/college-recruiting/colleges/womens-lacrosse,Academy
IMG Academy,FL,https://www.imgacademy.com/sports/soccer,Rowing,https://plus.imgacademy.com/college-recruiting/colleges/womens-rowing,Academy
IMG Academy,FL,https://www.imgacademy.com/sports/soccer,Soccer,https://plus.imgacademy.com/college-recruiting/colleges/womens-soccer,Academy
IMG Academy,FL,https://www.imgacademy.com/sports/soccer,Softball,https://plus.imgacademy.com/college-recruiting/colleges/softball,Academy
IMG Academy,FL,https://www.imgacademy.com/sports/soccer,Swimming,https://plus.imgacademy.com/college-recruiting/colleges/womens-swimming,Academy
IMG Academy,FL,https://www.imgacademy.com/sports/soccer,Tennis,https://plus.imgacademy.com/college-recruiting/colleges/womens-tennis,Academy
IMG Academy,FL,https://www.imgacademy.com/sports/soccer,Track,https://plus.imgacademy.com/college-recruiting/colleges/womens-track,Academy
IMG Academy,FL,https://www.imgacademy.com/sports/soccer,Volleyball,https://plus.imgacademy.com/college-recruiting/colleges/womens-volleyball,Academy
IMG Academy,FL,https://www.imgacademy.com/sports/soccer,Water Polo,https://plus.imgacademy.com/college-recruiting/colleges/womens-water-polo,Academy
IMG Academy,FL,https://www.imgacademy.com/sports/soccer,Wrestling,https://plus.imgacademy.com/college-recruiting/colleges/womens-wrestling,Academy
IMG Academy,FL,https://www.imgacademy.com/sports/soccer,Baseball,https://plus.imgacademy.com/college-recruiting/colleges/baseball,Academy
IMG Academy,FL,https://www.imgacademy.com/sports/soccer,Basketball,https://plus.imgacademy.com/college-recruiting/colleges/mens-basketball,Academy
IMG Academy,FL,https://www.imgacademy.com/sports/soccer,Diving,https://plus.imgacademy.com/college-recruiting/colleges/mens-diving,Academy
IMG Academy,FL,https://www.imgacademy.com/sports/soccer,Football,https://plus.imgacademy.com/college-recruiting/colleges/football,Academy
IMG Academy,FL,https://www.imgacademy.com/sports/soccer,Golf,https://plus.imgacademy.com/college-recruiting/colleges/mens-golf,Academy
IMG Academy,FL,https://www.imgacademy.com/sports/soccer,Ice Hockey,https://plus.imgacademy.com/college-recruiting/colleges/mens-ice-hockey,Academy
IMG Academy,FL,https://www.imgacademy.com/sports/soccer,Lacrosse,https://plus.imgacademy.com/college-recruiting/colleges/mens-lacrosse,Academy
IMG Academy,FL,https://www.imgacademy.com/sports/soccer,Rowing,https://plus.imgacademy.com/college-recruiting/colleges/mens-rowing,Academy
IMG Academy,FL,https://www.imgacademy.com/sports/soccer,Soccer,https://plus.imgacademy.com/college-recruiting/colleges/mens-soccer,Academy
IMG Academy,FL,https://www.imgacademy.com/sports/soccer,Swimming,https://plus.imgacademy.com/college-recruiting/colleges/mens-swimming,Academy
IMG Academy,FL,https://www.imgacademy.com/sports/soccer,Tennis,https://plus.imgacademy.com/college-recruiting/colleges/mens-tennis,Academy
IMG Academy,FL,https://www.imgacademy.com/sports/soccer,Track,https://plus.imgacademy.com/college-recruiting/colleges/mens-track,Academy
IMG Academy,FL,https://www.imgacademy.com/sports/soccer,Volleyball,https://plus.imgacademy.com/college-recruiting/colleges/mens-volleyball,Academy
IMG Academy,FL,https://www.imgacademy.com/sports/soccer,Water Polo,https://plus.imgacademy.com/college-recruiting/colleges/mens-water-polo,Academy
IMG Academy,FL,https://www.imgacademy.com/sports/soccer,Wrestling,https://plus.imgacademy.com/college-recruiting/colleges/wrestling,Academy
IMG Academy,FL,https://www.imgacademy.com/sports/soccer,Cheerleading,https://plus.imgacademy.com/college-recruiting/colleges/cheerleading,Academy
IMG Academy,FL,https://www.imgacademy.com/sports/soccer,For Schools,https://www.imgacademy.com/elevate,Academy
IMG Academy,FL,https://www.imgacademy.com/sports/soccer,Contact us,https://www.imgacademy.com/contact-us,Academy
IMG Academy,FL,https://www.imgacademy.com/sports/soccer,Tuition,https://www.imgacademy.com/boarding-school/academics/tuition,Academy
IMG Academy,FL,https://www.imgacademy.com/sports/soccer,Accommodations & travel,https://www.imgacademy.com/accommodations-and-travel,Academy
IMG Academy,FL,https://www.imgacademy.com/sports/soccer,Careers,https://www.imgacademy.com/about-img-academy/careers,Academy
IMG Academy,FL,https://www.imgacademy.com/sports/soccer,Learn more about Personal Development,https://www.imgacademy.com/boarding-school/athletics/athletic-personal-development,Academy
IMG Academy,FL,https://www.imgacademy.com/sports/soccer,Take a virtual tour >,https://www.imgacademy.com/boarding-school/virtual-campus-tour,Academy
IMG Academy,FL,https://www.imgacademy.com/sports/soccer,Alex Chater,https://www.imgacademy.com/people/alex-chater,Academy
IMG Academy,FL,https://www.imgacademy.com/sports/soccer,Charles Trimmer,https://www.imgacademy.com/people/charles-trimmer,Academy
IMG Academy,FL,https://www.imgacademy.com/sports/soccer,Connor McCoy,https://www.imgacademy.com/people/connor-mccoy,Academy
IMG Academy,FL,https://www.imgacademy.com/sports/soccer,Fermin C. Torrejon,https://www.imgacademy.com/people/fermin-c-torrejon,Academy
IMG Academy,FL,https://www.imgacademy.com/sports/soccer,Gary Bruce,https://www.imgacademy.com/people/gary-bruce,Academy
IMG Academy,FL,https://www.imgacademy.com/sports/soccer,George Sasvari,https://www.imgacademy.com/people/george-sasvari,Academy
IMG Academy,FL,https://www.imgacademy.com/sports/soccer,Hector Luis Marinaro,https://www.imgacademy.com/people/hector-luis-marinaro,Academy
IMG Academy,FL,https://www.imgacademy.com/sports/soccer,Jason Peters,https://www.imgacademy.com/people/jason-peters,Academy
IMG Academy,FL,https://www.imgacademy.com/sports/soccer,Joseph Walejko,https://www.imgacademy.com/people/joseph-walejko,Academy
IMG Academy,FL,https://www.imgacademy.com/sports/soccer,Justin Lundholm,https://www.imgacademy.com/people/justin-lundholm,Academy
IMG Academy,FL,https://www.imgacademy.com/sports/soccer,JT Kling,https://www.imgacademy.com/people/jt-kling,Academy
IMG Academy,FL,https://www.imgacademy.com/sports/soccer,Keith Fulk,https://www.imgacademy.com/people/keith-fulk,Academy
IMG Academy,FL,https://www.imgacademy.com/sports/soccer,Luis Meneses,https://www.imgacademy.com/people/luis-meneses,Academy
IMG Academy,FL,https://www.imgacademy.com/sports/soccer,Marcelo Carrera,https://www.imgacademy.com/people/marcelo-carrera,Academy
IMG Academy,FL,https://www.imgacademy.com/sports/soccer,Mel Mahler,https://www.imgacademy.com/people/mel-mahler,Academy
IMG Academy,FL,https://www.imgacademy.com/sports/soccer,Michael Furlong,https://www.imgacademy.com/people/michael-furlong,Academy
IMG Academy,FL,https://www.imgacademy.com/sports/soccer,Travers Evans,https://www.imgacademy.com/people/travers-evans,Academy
IMG Academy,FL,https://www.imgacademy.com/sports/soccer,Miguel Rodrigues,https://www.imgacademy.com/people/miguel-rodrigues,Academy
IMG Academy,FL,https://www.imgacademy.com/sports/soccer,Download Soccer Tuition,https://www.imgacademy.com/sites/default/files/2025-26-Boys-Soccer-FY.pdf,Academy
IMG Academy,FL,https://www.imgacademy.com/sports/soccer,Media & brand,https://www.imgacademy.com/about-img-academy/media-brand,Academy
IMG Academy,FL,https://www.imgacademy.com/sports/soccer,NIL Policy,https://www.imgacademy.com/NILPolicy,Academy
IMG Academy,FL,https://www.imgacademy.com/sports/soccer,Purchase policy,https://www.imgacademy.com/purchase-policy,Academy
IMG Academy,FL,https://www.imgacademy.com/sports/soccer,Sitemap,https://www.imgacademy.com/sitemap,Academy
Inter Miami CF,FL,https://www.intermiamicf.com/academy,Schedule,https://www.intermiamicf.com/schedule/index,Program
Inter Miami CF,FL,https://www.intermiamicf.com/academy,Academy,https://www.intermiamicf.com/academy/,Academy
Inter Miami CF,FL,https://www.intermiamicf.com/academy,About,https://www.intermiamicf.com/academy/about,Academy
Inter Miami CF,FL,https://www.intermiamicf.com/academy,Scouting & Tryouts,https://www.intermiamicf.com/academy/scouting-and-tryouts,Academy
Inter Miami CF,FL,https://www.intermiamicf.com/academy,Teams,https://www.intermiamicf.com/academy/teams,Academy
Inter Miami CF,FL,https://www.intermiamicf.com/academy,Partner Club Program,https://www.intermiamicf.com/academy/partners,Academy
Inter Miami CF,FL,https://www.intermiamicf.com/academy,Info,https://www.intermiamicf.com/academy/dreamscup,Academy
Orlando City SC,FL,https://www.orlandocitysc.com/academy,Schedule,https://www.orlandocitysc.com/schedule/index,Program
Orlando City SC,FL,https://www.orlandocitysc.com/academy,Home,https://www.orlandocitysc.com/academy/index,Academy
Orlando City SC,FL,https://www.orlandocitysc.com/academy,Rosters,https://www.orlandocitysc.com/academy/roster/index,Academy
Orlando City SC,FL,https://www.orlandocitysc.com/academy,About,https://www.orlandocitysc.com/academy/about,Academy
Orlando City SC,FL,https://www.orlandocitysc.com/academy,Technical Staff,https://www.orlandocitysc.com/academy/staff,Academy
Orlando City SC,FL,https://www.orlandocitysc.com/academy,Homestay Program,https://www.orlandocitysc.com/academy/homestay,Academy
Orlando City SC,FL,https://www.orlandocitysc.com/academy,Academy Interest Form,https://www.orlandocitysc.com/academy/interest,Academy
Atlanta United FC,GA,https://www.atlutd.com/academy,Home,https://www.atlutd.com/academy,Academy
Atlanta United FC,GA,https://www.atlutd.com/academy,U-13 Roster,https://www.atlutd.com/academy/teams/u-13,Academy
Atlanta United FC,GA,https://www.atlutd.com/academy,U-14 Roster,https://www.atlutd.com/academy/teams/u-14,Academy
Atlanta United FC,GA,https://www.atlutd.com/academy,U-15 Roster,https://www.atlutd.com/academy/teams/u-15,Academy
Atlanta United FC,GA,https://www.atlutd.com/academy,U-16 Roster,https://www.atlutd.com/academy/teams/u-16,Academy
Atlanta United FC,GA,https://www.atlutd.com/academy,U-18 Roster,https://www.atlutd.com/academy/teams/u-18,Academy
Atlanta United FC,GA,https://www.atlutd.com/academy,Streaming Schedule,https://www.atlutd.com/academy/live-stream-schedule,Academy
Atlanta United FC,GA,https://www.atlutd.com/academy,Development Pathway,https://www.atlutd.com/academy/development-pathway,Academy
Atlanta United FC,GA,https://www.atlutd.com/academy,Games Program,https://www.atlutd.com/academy/games-program,Academy
Atlanta United FC,GA,https://www.atlutd.com/academy,Staff,https://www.atlutd.com/academy/staff,Academy
Atlanta United FC,GA,https://www.atlutd.com/academy,About,https://www.atlutd.com/academy/about,Academy
Atlanta United FC,GA,https://www.atlutd.com/academy,Want more information?,https://www.atlutd.com/youth/futures-program,Program
Atlanta United FC,GA,https://www.atlutd.com/academy,Pub Partner Program,https://www.atlutd.com/fans/pub-partner-program,Program
Chicago Fire FC,IL,https://www.chicago-fire.com/academy,Academy Home,https://www.chicago-fire.com/academy,Academy
Chicago Fire FC,IL,https://www.chicago-fire.com/academy,Under-18,https://www.chicago-fire.com/academy/rosters/u18,Academy
Chicago Fire FC,IL,https://www.chicago-fire.com/academy,Under-16,https://www.chicago-fire.com/academy/rosters/u16,Academy
Chicago Fire FC,IL,https://www.chicago-fire.com/academy,Under-15,https://www.chicago-fire.com/academy/rosters/u15,Academy
Chicago Fire FC,IL,https://www.chicago-fire.com/academy,Under-14,https://www.chicago-fire.com/academy/rosters/u14,Academy
Chicago Fire FC,IL,https://www.chicago-fire.com/academy,Under-13,https://www.chicago-fire.com/academy/rosters/u13,Academy
Chicago Fire FC,IL,https://www.chicago-fire.com/academy,Academy Staff,https://www.chicago-fire.com/academy/staff/index,Academy
Chicago Fire FC,IL,https://www.chicago-fire.com/academy,Discovery Centers,https://www.chicago-fire.com/academy/discovery-centers,Academy
Chicago Fire FC,IL,https://www.chicago-fire.com/academy,Schedule,https://www.chicago-fire.com/schedule,Program
Indy Eleven,IN,https://www.indyeleven.com/academy,W League,https://www.indyeleven.com/wleague/,Program
Indy Eleven,IN,https://www.indyeleven.com/academy,2026 Schedule,https://www.indyeleven.com/schedule/,Program
Indy Eleven,IN,https://www.indyeleven.com/academy,2026 Theme Schedule,https://www.indyeleven.com/promos/,Program
Indy Eleven,IN,https://www.indyeleven.com/academy,Men’s Open Tryouts,https://www.indyeleven.com/tryout/,Program
Indy Eleven,IN,https://www.indyeleven.com/academy,2026 W League Schedule,https://www.indyeleven.com/wleague-schedule/,Program
Indy Eleven,IN,https://www.indyeleven.com/academy,W League Roster,https://www.indyeleven.com/2025-w-league-roster/,Program
Indy Eleven,IN,https://www.indyeleven.com/academy,W League Staff,https://www.indyeleven.com/wleague-staff/,Program
Indy Eleven,IN,https://www.indyeleven.com/academy,Indy Eleven W League History,https://www.indyeleven.com/wleague-history/,Program
Indy Eleven,IN,https://www.indyeleven.com/academy,Club Affiliate Program,https://www.indyeleven.com/youth-soccer-program/,Program
Indy Eleven,IN,https://www.indyeleven.com/academy,Back to Previous Page,https://www.indyeleven.com/academy,Academy
New England Revolution,MA,https://www.revolutionsoccer.net/academy,Academy Home,https://www.revolutionsoccer.net/academy/index,Academy
New England Revolution,MA,https://www.revolutionsoccer.net/academy,Academy Teams Home,https://www.revolutionsoccer.net/academy/teams/index,Academy
New England Revolution,MA,https://www.revolutionsoccer.net/academy,Academy Roster,https://www.revolutionsoccer.net/academy/teams/roster,Academy
New England Revolution,MA,https://www.revolutionsoccer.net/academy,Register Now,https://www.revolutionsoccer.net/academy/player-development-programs,Academy
New England Revolution,MA,https://www.revolutionsoccer.net/academy,Residency Program,https://www.revolutionsoccer.net/academy/residency-program,Academy
New England Revolution,MA,https://www.revolutionsoccer.net/academy,Learn More,https://www.revolutionsoccer.net/academy/teams,Academy
New England Revolution,MA,https://www.revolutionsoccer.net/academy,1:00 He's got next! 17-year-old Cristiano Oliveira scores great goal for MLS NEXT East All-Stars,https://www.revolutionsoccer.net/video/17-year-old-oliveira-scores-great-goal-for-mls-next-east-all-stars,MLS NEXT
New England Revolution,MA,https://www.revolutionsoccer.net/academy,5:36 The Pathway | Academy hits major milestone with 50th Revs II debut,https://www.revolutionsoccer.net/video/the-pathway-academy-hits-major-milestone-with-50th-revs-ii-debut,Academy
New England Revolution,MA,https://www.revolutionsoccer.net/academy,4:44 Highlights | 16-year-old Academy products Siqueira and Macedo score first pro goals in Revs II's 2-2 draw with Fire FC II,https://www.revolutionsoccer.net/video/highlights-siqueira-macedo-first-pro-goals-revs-ii-2-2-draw-fire-fc-ii,Academy
New England Revolution,MA,https://www.revolutionsoccer.net/academy,"5:01 Highlights | Seven Academy players make pro debuts as Revs II fall to Red Bulls II, 4-1",https://www.revolutionsoccer.net/video/highlights-seven-academy-players-make-pro-debuts-as-revs-ii-fall-to-red-bulls-ii-4-1,Academy
Minnesota United FC,MN,https://www.mnufc.com/academy,Home,https://www.mnufc.com/academy/index,Academy
Minnesota United FC,MN,https://www.mnufc.com/academy,Youth Development Program,https://www.mnufc.com/ydp/index,Development
Minnesota United FC,MN,https://www.mnufc.com/academy,Camps & Tryouts,https://www.mnufc.com/ydp/camps-and-tryouts/index,Program
Minnesota United FC,MN,https://www.mnufc.com/academy,U15,https://www.mnufc.com/academy/u15/index,Academy
Minnesota United FC,MN,https://www.mnufc.com/academy,U16,https://www.mnufc.com/academy/u16/index,Academy
Minnesota United FC,MN,https://www.mnufc.com/academy,U18,https://www.mnufc.com/academy/u18/index,Academy
Minnesota United FC,MN,https://www.mnufc.com/academy,Development Philosophy,https://www.mnufc.com/academy/development/index,Academy
Minnesota United FC,MN,https://www.mnufc.com/academy,Join,https://www.mnufc.com/academy/join,Academy
Minnesota United FC,MN,https://www.mnufc.com/academy,Location & Facilities,https://www.mnufc.com/academy/location-and-facilities/index,Academy
Minnesota United FC,MN,https://www.mnufc.com/academy,For Parents,https://www.mnufc.com/academy/families/for-parents,Academy
Minnesota United FC,MN,https://www.mnufc.com/academy,Become a Host Family,https://www.mnufc.com/academy/families/homestay-families,Academy
Minnesota United FC,MN,https://www.mnufc.com/academy,FAQs,https://www.mnufc.com/academy/faqs,Academy
Minnesota United FC,MN,https://www.mnufc.com/academy,Contact,https://www.mnufc.com/academy/contact,Academy
Minnesota United FC,MN,https://www.mnufc.com/academy,Join the Academy,https://www.mnufc.com/academy/join-us/recruit-me,Academy
Minnesota United FC,MN,https://www.mnufc.com/academy,Homestay Program,https://www.mnufc.com/academy/join-us/homestay-program,Academy
Minnesota United FC,MN,https://www.mnufc.com/academy,Learn More,https://www.mnufc.com/academy/development/,Academy
Minnesota United FC,MN,https://www.mnufc.com/academy,Learn More,https://www.mnufc.com/academy/location-and-facilities/,Academy
Lou Fusz Athletic,MO,https://www.loufuszathletic.com,Camps & Programs,https://www.loufuszathletic.com/soccer/camps-programs/,Program
Lou Fusz Athletic,MO,https://www.loufuszathletic.com,Futures: U13-U15,https://www.loufuszathletic.com/soccer/futures/,Program
Lou Fusz Athletic,MO,https://www.loufuszathletic.com,Prospects: U16-19,https://www.loufuszathletic.com/soccer/prospects/,Program
Lou Fusz Athletic,MO,https://www.loufuszathletic.com,Leagues,https://www.loufuszathletic.com/soccer/leagues/,Program
Lou Fusz Athletic,MO,https://www.loufuszathletic.com,Camps & Programs,https://www.loufuszathletic.com/lacrosse/camps-programs/,Program
Lou Fusz Athletic,MO,https://www.loufuszathletic.com,Grades 9th-12th,https://www.loufuszathletic.com/lacrosse/competitive-players/,Competitive
Lou Fusz Athletic,MO,https://www.loufuszathletic.com,Gateway Lacrosse League,https://www.loufuszathletic.com/lacrosse/gateway-lacrosse-league/,Program
Lou Fusz Athletic,MO,https://www.loufuszathletic.com,"Soccer Back to Soccer Friendlies (LFA Club Members Only) Dates: August 15, 2026 Ages: Club Internal Only Event
Boys U8–U15
Girls U8–U19
Gold, Silver, Bronze Registration Deadline: July 18, 2026",https://www.loufuszathletic.com/events/fall-kickoff-friendlies/,Program
Lou Fusz Athletic,MO,https://www.loufuszathletic.com,MLS Next ‘Rondo’ Preseason Friendlies,https://www.loufuszathletic.com/events/mls-rondo/,MLS NEXT
Lou Fusz Athletic,MO,https://www.loufuszathletic.com,"Soccer Midwest Fall Invitational Dates: September 25–27, 2026 Ages: Boys U8–U15
Girls U8–U19
All Levels of Ability

300+ Teams Annually Registration Deadline: August 18, 2026",https://www.loufuszathletic.com/events/midwest-fall-invitational/,Program
Lou Fusz Athletic,MO,https://www.loufuszathletic.com,Junior Championships,https://www.loufuszathletic.com/events/u9-u15-junior-championships/,Program
Lou Fusz Athletic,MO,https://www.loufuszathletic.com,"Soccer Winter College Showcase Dates: December 4-6, 2026 Ages: Boys U13–U19
Girls U13–U19
All Levels of Ability

250+ Teams Annually
60+ College Coaches Registration Deadline: October 29, 2026",https://www.loufuszathletic.com/events/winter-college-showcase/,Program
Lou Fusz Athletic,MO,https://www.loufuszathletic.com,"Soccer Presidents Day Friendlies Dates: February 12-14, 2027 Ages: Boys U8–U19
Girls U8–U19

150+ Teams Annually Registration Deadline: January 19, 2027",https://www.loufuszathletic.com/events/presidents-day-friendlies/,Program
Lou Fusz Athletic,MO,https://www.loufuszathletic.com,"Soccer Midwest Spring Invitational Dates: April 23-25, 2027 Ages: Boys U8–U19
Girls U8–U15 Registration Deadline: March 2, 2027",https://www.loufuszathletic.com/events/midwest-spring-invitational/,Program
Lou Fusz Athletic,MO,https://www.loufuszathletic.com,"Soccer Midwest Spring Cup Dates: April 30 - May 2, 2027 Ages: Boys & Girls U8-U15 Registration Deadline: March 11th, 2026",https://www.loufuszathletic.com/events/midwest-spring-cup/,Program
Lou Fusz Athletic,MO,https://www.loufuszathletic.com,"Soccer Gateway Memorial Classic Dates: May 28-30, 2027 Ages: Boys and Girls U8-U19 Registration Deadline: May 1, 2027",https://www.loufuszathletic.com/events/gateway-memorial-classic/,Program
Lou Fusz Athletic,MO,https://www.loufuszathletic.com,"Lacrosse LFA Fall Midwest Lax Championships Dates: November 14-15, 2026 Ages: Boys: 2027 - 2036
Girls:  2027 - 2036
('AA', 'A', and 'B' level divisions available at all age groups) Registration Deadline: October 18th, 2026",https://www.loufuszathletic.com/events/november-lax/,Program
Lou Fusz Athletic,MO,https://www.loufuszathletic.com,UPDATE – Lou Fusz Adjusts Boys Age Groups Ahead of Birth and Calendar Year Shifts,https://www.loufuszathletic.com/update-lou-fusz-adjusts-boys-age-groups-ahead-of-birth-and-calendar-year-shifts/,Program
Lou Fusz Athletic,MO,https://www.loufuszathletic.com,Milam Named to Provisional US U17WNT Concacaf Roster,https://www.loufuszathletic.com/milam-named-to-provisional-us-u17wnt-concacaf-roster/,Program
Lou Fusz Athletic,MO,https://www.loufuszathletic.com,MLS NEXT’s New Tiers,https://www.loufuszathletic.com/mls-nexts-new-tiers/,MLS NEXT
Lou Fusz Athletic,MO,https://www.loufuszathletic.com,Midwest Athletic Lacrosse Program,https://www.loufuszathletic.com/midwest-athletic-lacrosse-program/,Program
Lou Fusz Athletic,MO,https://www.loufuszathletic.com,LFA Girls Lacrosse Program Updates,https://www.loufuszathletic.com/lfa-girls-lacrosse-press-release/,Program
Lou Fusz Athletic,MO,https://www.loufuszathletic.com,LFA Boys Lacrosse Program Updates,https://www.loufuszathletic.com/lfa-boys-lacrosse-program-updates/,Program
Sporting Kansas City,MO,https://www.sportingkc.com/academy,Home,https://www.sportingkc.com/academy,Academy
Sporting Kansas City,MO,https://www.sportingkc.com/academy,About Us,https://www.sportingkc.com/academy/about-us,Academy
Sporting Kansas City,MO,https://www.sportingkc.com/academy,Technical Staff,https://www.sportingkc.com/academy/technical-staff/index,Academy
Sporting Kansas City,MO,https://www.sportingkc.com/academy,Support Staff,https://www.sportingkc.com/academy/support-staff,Academy
Sporting Kansas City,MO,https://www.sportingkc.com/academy,Teams,https://www.sportingkc.com/academy/teams,Academy
Sporting Kansas City,MO,https://www.sportingkc.com/academy,U-18,https://www.sportingkc.com/academy/teams/u-18,Academy
Sporting Kansas City,MO,https://www.sportingkc.com/academy,U-16,https://www.sportingkc.com/academy/teams/u-16,Academy
Sporting Kansas City,MO,https://www.sportingkc.com/academy,U-15,https://www.sportingkc.com/academy/teams/u-15,Academy
Sporting Kansas City,MO,https://www.sportingkc.com/academy,Alumni Professional Players,https://www.sportingkc.com/academy/homegrown-players,MLS NEXT
Sporting Kansas City,MO,https://www.sportingkc.com/academy,College Academy Alumni,https://www.sportingkc.com/academy/homegrown-players/current-college-players,MLS NEXT
Sporting Kansas City,MO,https://www.sportingkc.com/academy,Center of Excellence,https://www.sportingkc.com/academy/coe,Academy
Sporting Kansas City,MO,https://www.sportingkc.com/academy,U-15 Try Outs,https://www.sportingkc.com/academy/u-15-tryouts,Academy
Sporting Kansas City,MO,https://www.sportingkc.com/academy,Recruitment,https://www.sportingkc.com/academy/recruitment,Academy
Sporting Kansas City,MO,https://www.sportingkc.com/academy,Residential Program,https://www.sportingkc.com/residential-program/index,Program
Sporting Kansas City,MO,https://www.sportingkc.com/academy,Solidarity Payments,https://www.sportingkc.com/academy/solidarity-payment/index,Academy
Sporting Kansas City,MO,https://www.sportingkc.com/academy,FAQ,https://www.sportingkc.com/academy/faq,Academy
Sporting Kansas City,MO,https://www.sportingkc.com/academy,Schedule,https://www.sportingkc.com/schedule/,Program
St. Louis City SC,MO,https://www.stlcitysc.com/academy,Academy,https://www.stlcitysc.com/academy/index,Academy
St. Louis City SC,MO,https://www.stlcitysc.com/academy,U14 Schedule,https://www.stlcitysc.com/academy/schedules/u14,Academy
St. Louis City SC,MO,https://www.stlcitysc.com/academy,U15 Schedule,https://www.stlcitysc.com/academy/schedules/u15,Academy
St. Louis City SC,MO,https://www.stlcitysc.com/academy,U16 Schedule,https://www.stlcitysc.com/academy/schedules/u16,Academy
St. Louis City SC,MO,https://www.stlcitysc.com/academy,U18 Schedule,https://www.stlcitysc.com/academy/schedules/u18,Academy
St. Louis City SC,MO,https://www.stlcitysc.com/academy,Staff,https://www.stlcitysc.com/academy/staff/index,Academy
St. Louis City SC,MO,https://www.stlcitysc.com/academy,U14 Roster,https://www.stlcitysc.com/academy/rosters/u14/index,Academy
St. Louis City SC,MO,https://www.stlcitysc.com/academy,U15 Roster,https://www.stlcitysc.com/academy/rosters/u15/index,Academy
St. Louis City SC,MO,https://www.stlcitysc.com/academy,U16 Roster,https://www.stlcitysc.com/academy/rosters/u16/index,Academy
St. Louis City SC,MO,https://www.stlcitysc.com/academy,U19 Roster,https://www.stlcitysc.com/academy/rosters/u18/index,Academy
St. Louis City SC,MO,https://www.stlcitysc.com/academy,Request Information,https://www.stlcitysc.com/academy/player-recruitment/index,Academy
St. Louis City SC,MO,https://www.stlcitysc.com/academy,2011 & 2012 Open Trials,https://www.stlcitysc.com/academy/player-recruitment/2011-2012-recruitment,Academy
St. Louis City SC,MO,https://www.stlcitysc.com/academy,Homestay Program,https://www.stlcitysc.com/academy/homestay,Academy
St. Louis City SC,MO,https://www.stlcitysc.com/academy,FAQ,https://www.stlcitysc.com/academy/faq/index,Academy
Seacoast United,NH,https://www.seacoastunited.com,Tryouts,https://www.seacoastunited.com/tryouts/,Program
Seacoast United,NH,https://www.seacoastunited.com,MA North Spring ID Event,https://www.seacoastunited.com/tryouts/ma-north-id-event/,Program
Seacoast United,NH,https://www.seacoastunited.com,MA South Spring ID Event,https://www.seacoastunited.com/tryouts/ma-south-id-event/,Program
Seacoast United,NH,https://www.seacoastunited.com,MA South Tryouts,https://www.seacoastunited.com/tryouts/ma-south-tryouts/,Program
Seacoast United,NH,https://www.seacoastunited.com,ME South Tryouts,https://www.seacoastunited.com/tryouts/me-south-tryouts/,Program
Seacoast United,NH,https://www.seacoastunited.com,NH & MA North Tryouts,https://www.seacoastunited.com/tryouts/nh-ma-north-tryouts/,Program
Seacoast United,NH,https://www.seacoastunited.com,MLS Next Academy,https://www.seacoastunited.com/club/mls-next-academy/,MLS NEXT
Seacoast United,NH,https://www.seacoastunited.com,Girls Academy,https://www.seacoastunited.com/club/girls-academy/,Academy
Seacoast United,NH,https://www.seacoastunited.com,Hampton Leagues,https://www.seacoastunited.com/leagues/hampton-leagues/,Program
Seacoast United,NH,https://www.seacoastunited.com,Epping Leagues,https://www.seacoastunited.com/leagues/epping-leagues/,Program
Seacoast United,NH,https://www.seacoastunited.com,Learn More,https://www.seacoastunited.com/programs/youth-programs/,Program
Seacoast United,NH,https://www.seacoastunited.com,Learn More,https://www.seacoastunited.com/programs/junior-academy/,Academy
Seacoast United,NH,https://www.seacoastunited.com,Goalkeeper Programs,https://www.seacoastunited.com/programs/youth-programs/goalkeeper-programs/,Program
Seacoast United,NH,https://www.seacoastunited.com,Learn More,https://www.seacoastunited.com/programs/camps/,Program
Seacoast United,NH,https://www.seacoastunited.com,Advanced Camps,https://www.seacoastunited.com/programs/advanced-camps/,Program
Seacoast United,NH,https://www.seacoastunited.com,Learn More,https://www.seacoastunited.com/programs/residential-camps/,Program
Seacoast United,NH,https://www.seacoastunited.com,Elite Regional Program,https://www.seacoastunited.com/programs/elite-regional-program/,Program
Seacoast United,NH,https://www.seacoastunited.com,International Travel,https://www.seacoastunited.com/programs/international-travel/,Competitive
Seacoast United,NH,https://www.seacoastunited.com,Birthday Parties,https://www.seacoastunited.com/programs/birthday-parties/,Program
Seacoast United,NH,https://www.seacoastunited.com,HERE,https://www.seacoastunited.com/wp-content/uploads/2025/04/Pathway-25-26.pdf,Development
New York Red Bulls,NJ,https://www.newyorkredbulls.com/academy,Youth + Academy,https://www.newyorkredbulls.com/youth,Academy
New York Red Bulls,NJ,https://www.newyorkredbulls.com/academy,Home,https://www.newyorkredbulls.com/youth/academy/index,Academy
New York Red Bulls,NJ,https://www.newyorkredbulls.com/academy,Overview,https://www.newyorkredbulls.com/youth/academy/overview,Academy
New York Red Bulls,NJ,https://www.newyorkredbulls.com/academy,Academy Teams,https://www.newyorkredbulls.com/youth/academy/teams/index,Academy
New York Red Bulls,NJ,https://www.newyorkredbulls.com/academy,U18,https://www.newyorkredbulls.com/youth/academy/teams/u17,Academy
New York Red Bulls,NJ,https://www.newyorkredbulls.com/academy,U15,https://www.newyorkredbulls.com/youth/academy/teams/u15,Academy
New York Red Bulls,NJ,https://www.newyorkredbulls.com/academy,U14,https://www.newyorkredbulls.com/youth/academy/teams/u14,Academy
New York Red Bulls,NJ,https://www.newyorkredbulls.com/academy,U13,https://www.newyorkredbulls.com/youth/academy/teams/u13,Academy
New York Red Bulls,NJ,https://www.newyorkredbulls.com/academy,U12,https://www.newyorkredbulls.com/youth/academy/teams/u12,Academy
New York Red Bulls,NJ,https://www.newyorkredbulls.com/academy,U10 & U11,https://www.newyorkredbulls.com/youth/academy/teams/u11andu10,Academy
New York Red Bulls,NJ,https://www.newyorkredbulls.com/academy,Staff,https://www.newyorkredbulls.com/youth/academy/staff/index,Academy
New York Red Bulls,NJ,https://www.newyorkredbulls.com/academy,Player Identification,https://www.newyorkredbulls.com/youth/academy/player-identification,Academy
New York Red Bulls,NJ,https://www.newyorkredbulls.com/academy,Homegrown Players,https://www.newyorkredbulls.com/youth/academy/homegrown-players,MLS NEXT
New York Red Bulls,NJ,https://www.newyorkredbulls.com/academy,Homestay,https://www.newyorkredbulls.com/youth/academy/homestay,Academy
New York Red Bulls,NJ,https://www.newyorkredbulls.com/academy,About,https://www.newyorkredbulls.com/youth/academy/affiliate/index,Academy
New York Red Bulls,NJ,https://www.newyorkredbulls.com/academy,BW Gottschee,https://www.newyorkredbulls.com/youth/academy/affiliate/bw-gottschee,Academy
New York Red Bulls,NJ,https://www.newyorkredbulls.com/academy,Ironbound SC,https://www.newyorkredbulls.com/youth/academy/affiliate/ironbound-sc,Academy
New York Red Bulls,NJ,https://www.newyorkredbulls.com/academy,SALA,https://www.newyorkredbulls.com/youth/academy/affiliate/sala,Academy
New York Red Bulls,NJ,https://www.newyorkredbulls.com/academy,TSF Academy,https://www.newyorkredbulls.com/youth/academy/affiliate/tsf-academy,Academy
New York Red Bulls,NJ,https://www.newyorkredbulls.com/academy,Pathway To Pros,https://www.newyorkredbulls.com/youth/academy/affiliate/pathway-to-pros,Academy
New York Red Bulls,NJ,https://www.newyorkredbulls.com/academy,Elite Talent Identification,https://www.newyorkredbulls.com/youth/academy/elite-talent-identification/index,Academy
New York Red Bulls,NJ,https://www.newyorkredbulls.com/academy,International Opportunities,https://www.newyorkredbulls.com/youth/academy/international-competition,Academy
New York Red Bulls,NJ,https://www.newyorkredbulls.com/academy,Schedule,https://www.newyorkredbulls.com/schedule,Program
TSF Academy - NJ,NJ,https://www.tsfacademy.com,About Us,https://tsfacademy.com/about-us/,Academy
TSF Academy - NJ,NJ,https://www.tsfacademy.com,Staff,https://tsfacademy.com/staff/,Academy
TSF Academy - NJ,NJ,https://www.tsfacademy.com,Try-outs,https://tsfacademy.com/tryouts/,Academy
TSF Academy - NJ,NJ,https://www.tsfacademy.com,MLS NEXT,https://tsfacademy.com/mls-next/,MLS NEXT
TSF Academy - NJ,NJ,https://www.tsfacademy.com,Girls Academy ASPIRE,https://tsfacademy.com/girls-academy-aspire/,Academy
TSF Academy - NJ,NJ,https://www.tsfacademy.com,Academy Programs,https://tsfacademy.com/inter-academy/,Academy
TSF Academy - NJ,NJ,https://www.tsfacademy.com,Junior Academy,https://tsfacademy.com/junior-academy/,Academy
TSF Academy - NJ,NJ,https://www.tsfacademy.com,Select Programs,https://tsfacademy.com/select/,Academy
TSF Academy - NJ,NJ,https://www.tsfacademy.com,Pathway,https://tsfacademy.com/college/,Academy
TSF Academy - NJ,NJ,https://www.tsfacademy.com,TSF FC U23,https://tsfacademy.com/tsf-fc/,Academy
TSF Academy - NJ,NJ,https://www.tsfacademy.com,TSF U23 Women,https://tsfacademy.com/tsf-u23-women/,Academy
TSF Academy - NJ,NJ,https://www.tsfacademy.com,TSF ACADEMY PATH TO PROS,https://tsfacademy.com/path-to-pros/,Academy
TSF Academy - NJ,NJ,https://www.tsfacademy.com,NATIONAL TEAM OPPORTUNITIES,https://tsfacademy.com/national-team-opportunities/,Academy
TSF Academy - NJ,NJ,https://www.tsfacademy.com,Supplemental Training,https://tsfacademy.com/training-hub/,Academy
TSF Academy - NJ,NJ,https://www.tsfacademy.com,TSF Academy Individual Development Training (IDT),https://tsfacademy.com/idt/,Academy
TSF Academy - NJ,NJ,https://www.tsfacademy.com,TSF Academy Camps,https://tsfacademy.com/soccer-camps/,Academy
TSF Academy - NJ,NJ,https://www.tsfacademy.com,GK Training,https://tsfacademy.com/gk-academy/,Academy
TSF Academy - NJ,NJ,https://www.tsfacademy.com,Employment,https://tsfacademy.com/employment/,Academy
TSF Academy - NJ,NJ,https://www.tsfacademy.com,Facilities,https://tsfacademy.com/facilities/,Academy
TSF Academy - NJ,NJ,https://www.tsfacademy.com,Contact Us,https://tsfacademy.com/contact-us/,Academy
TSF Academy - NJ,NJ,https://www.tsfacademy.com,Pathway,https://www.tsfacademy.com/college,Academy
TSF Academy - NJ,NJ,https://www.tsfacademy.com,Resources,https://tsfacademy.com/resources/,Academy
TSF Academy - NJ,NJ,https://www.tsfacademy.com,Refund Policy,https://tsfacademy.com/refund-policy/,Academy
Columbus Crew SC,OH,https://www.columbuscrewsc.com/academy,Leagues Cup,https://www.columbuscrewsc.com/leagues-cup-2026,Program
Columbus Crew SC,OH,https://www.columbuscrewsc.com/academy,Academy Home,https://www.columbuscrewsc.com/academy,Academy
Columbus Crew SC,OH,https://www.columbuscrewsc.com/academy,About the Crew Academy,https://www.columbuscrewsc.com/academy/about,Academy
Columbus Crew SC,OH,https://www.columbuscrewsc.com/academy,Technical Staff,https://www.columbuscrewsc.com/academy/staff,Academy
Columbus Crew SC,OH,https://www.columbuscrewsc.com/academy,Academy Alumni,https://www.columbuscrewsc.com/academy/achievements,Academy
Columbus Crew SC,OH,https://www.columbuscrewsc.com/academy,Recruitment,https://www.columbuscrewsc.com/academy/recruitment,Academy
Columbus Crew SC,OH,https://www.columbuscrewsc.com/academy,Crew School,https://www.columbuscrewsc.com/academy/crew-school,Academy
Columbus Crew SC,OH,https://www.columbuscrewsc.com/academy,Homestay Program,https://www.columbuscrewsc.com/academy/homestay,Academy
Columbus Crew SC,OH,https://www.columbuscrewsc.com/academy,U18,https://www.columbuscrewsc.com/academy/teams/u18,Academy
Columbus Crew SC,OH,https://www.columbuscrewsc.com/academy,U16,https://www.columbuscrewsc.com/academy/teams/u16,Academy
Columbus Crew SC,OH,https://www.columbuscrewsc.com/academy,U15,https://www.columbuscrewsc.com/academy/teams/u15,Academy
Columbus Crew SC,OH,https://www.columbuscrewsc.com/academy,Pre-Formation (U11-U14),https://www.columbuscrewsc.com/academy/teams/pre-formation,Academy
Columbus Crew SC,OH,https://www.columbuscrewsc.com/academy,2:10 One Club | Academy Recognition Night 20 June 2025,https://www.columbuscrewsc.com/video/one-club-academy-recognition-night,Academy
Columbus Crew SC,OH,https://www.columbuscrewsc.com/academy,View Schedule,https://www.columbuscrewsc.com/schedule,Program
FC Cincinnati,OH,https://www.fccincinnati.com/academy,Schedule,https://www.fccincinnati.com/schedule,Program
FC Cincinnati,OH,https://www.fccincinnati.com/academy,Leagues Cup,https://www.fccincinnati.com/leagues-cup,Program
FC Cincinnati,OH,https://www.fccincinnati.com/academy,Academy,https://www.fccincinnati.com/academy,Academy
FC Cincinnati,OH,https://www.fccincinnati.com/academy,Academy Home,https://www.fccincinnati.com/academy/index,Academy
FC Cincinnati,OH,https://www.fccincinnati.com/academy,About the Academy,https://www.fccincinnati.com/academy/about-the-academy,Academy
FC Cincinnati,OH,https://www.fccincinnati.com/academy,U-13 Schedule,https://www.fccincinnati.com/academy/schedule/u13,Academy
FC Cincinnati,OH,https://www.fccincinnati.com/academy,U-14 Schedule,https://www.fccincinnati.com/academy/schedule/u14,Academy
FC Cincinnati,OH,https://www.fccincinnati.com/academy,U-15 Schedule,https://www.fccincinnati.com/academy/schedule/u15,Academy
FC Cincinnati,OH,https://www.fccincinnati.com/academy,U-16 Schedule,https://www.fccincinnati.com/academy/schedule/u16,Academy
FC Cincinnati,OH,https://www.fccincinnati.com/academy,U-18 Schedule,https://www.fccincinnati.com/academy/schedule/u18,Academy
FC Cincinnati,OH,https://www.fccincinnati.com/academy,All Rosters,https://www.fccincinnati.com/academy/rosters,Academy
FC Cincinnati,OH,https://www.fccincinnati.com/academy,U-13 Roster,https://www.fccincinnati.com/academy/rosters/u13,Academy
FC Cincinnati,OH,https://www.fccincinnati.com/academy,U-14 Roster,https://www.fccincinnati.com/academy/rosters/u14,Academy
FC Cincinnati,OH,https://www.fccincinnati.com/academy,U-15 Roster,https://www.fccincinnati.com/academy/rosters/u15,Academy
FC Cincinnati,OH,https://www.fccincinnati.com/academy,U-16 Roster,https://www.fccincinnati.com/academy/rosters/u16,Academy
FC Cincinnati,OH,https://www.fccincinnati.com/academy,U-18 Roster,https://www.fccincinnati.com/academy/rosters/u18,Academy
FC Cincinnati,OH,https://www.fccincinnati.com/academy,Academy Staff,https://www.fccincinnati.com/academy/academy-staff,Academy
FC Cincinnati,OH,https://www.fccincinnati.com/academy,Information,https://www.fccincinnati.com/academy/discovery-program,Academy
FC Cincinnati,OH,https://www.fccincinnati.com/academy,FAQs,https://www.fccincinnati.com/academy/discovery-faq,Academy
FC Cincinnati,OH,https://www.fccincinnati.com/academy,Training Dates,https://www.fccincinnati.com/academy/training-dates,Academy
FC Cincinnati,OH,https://www.fccincinnati.com/academy,Regional Discovery Program,https://www.fccincinnati.com/academy/regional-discovery-program,Academy
FC Cincinnati,OH,https://www.fccincinnati.com/academy,Information,https://www.fccincinnati.com/academy/residency-program,Academy
FC DELCO,PA,https://fcdelco.org,Meet the Team,https://fcdelco.org/meet-the-team/,Program
FC DELCO,PA,https://fcdelco.org,Programs,https://fcdelco.org/programs/,Program
FC DELCO,PA,https://fcdelco.org,Tryout Information,https://fcdelco.org/programs/tryout-information/,Program
FC DELCO,PA,https://fcdelco.org,Age Group Cheat Sheet,https://fcdelco.org/programs/tryout-information/age-group-cheat-sheet/,Program
FC DELCO,PA,https://fcdelco.org,Boys Programs,https://fcdelco.org/boys-programs/,Program
FC DELCO,PA,https://fcdelco.org,Girls Programs,https://fcdelco.org/girls-programs/,Program
FC DELCO,PA,https://fcdelco.org,"Summer Select Tryouts Empower your child to grow both as a player and a person with FC DELCO Summer Select, a five-week intensive summer program for U8 – U14 boys and girls designed to challenge your child and unleash creativity and help your player be ready for the fall season.",https://fcdelco.org/programs/fc-delco-summer-select/,Competitive
FC DELCO,PA,https://fcdelco.org,Futures Academy,https://fcdelco.org/programs/futures-academy/,Academy
FC DELCO,PA,https://fcdelco.org,Junior Coaching Program,https://fcdelco.org/programs/pre-travel-soccer-academy/,Academy
FC DELCO,PA,https://fcdelco.org,Camps and Clinics,https://fcdelco.org/programs/camps-and-clinics/,Program
FC DELCO,PA,https://fcdelco.org,Boys Programs,https://fcdelco.org/programs/boys-programs/,Program
FC DELCO,PA,https://fcdelco.org,Girls Programs,https://fcdelco.org/programs/girls-programs/,Program
FC DELCO,PA,https://fcdelco.org,Tournament Info,https://fcdelco.org/programs/tournaments/,Program
FC DELCO,PA,https://fcdelco.org,ID Clinics Give your player an opportunity to work out with an existing team so that our coaching staff can evaluate skill level to determine a proper fit with our teams and our organization.,https://fcdelco.org/programs/id-events/,Program
FC DELCO,PA,https://fcdelco.org,Pathway Stories Read about players who have moved up through our pathway.,https://fcdelco.org/about/player-stories/,Development
FC DELCO,PA,https://fcdelco.org,Boys,https://fcdelco.org/about/boys-development-pathway/,Development
FC DELCO,PA,https://fcdelco.org,Girls,https://fcdelco.org/about/girls-development-pathway/,Development
FC DELCO,PA,https://fcdelco.org,Online Learning,https://fcdelco.org/programs/online-learning/,Program
Philadelphia Union,PA,https://www.philadelphiaunion.com/academy,Academy Schedule,https://www.philadelphiaunion.com/academy/teams,Academy
Philadelphia Union,PA,https://www.philadelphiaunion.com/academy,Technical Staff,https://www.philadelphiaunion.com/academy/technical-staff,Academy
Philadelphia Union,PA,https://www.philadelphiaunion.com/academy,Stream Matches,https://www.philadelphiaunion.com/academy/watch,Academy
Philadelphia Union,PA,https://www.philadelphiaunion.com/academy,Snow Bowl,https://www.philadelphiaunion.com/academy/snowbowl/index,Academy
Philadelphia Union,PA,https://www.philadelphiaunion.com/academy,Recruitment,https://www.philadelphiaunion.com/academy/recruit,Academy
Philadelphia Union,PA,https://www.philadelphiaunion.com/academy,Academy U13-U18,https://www.philadelphiaunion.com/academy/about,Academy
Philadelphia Union,PA,https://www.philadelphiaunion.com/academy,About Union Juniors,https://www.philadelphiaunion.com/academy/union-juniors,Academy
Philadelphia Union,PA,https://www.philadelphiaunion.com/academy,Learn More,https://www.philadelphiaunion.com/academy/,Academy
Philadelphia Union,PA,https://www.philadelphiaunion.com/academy,U-18 Schedule,https://www.philadelphiaunion.com/academy/schedule/u18,Academy
Philadelphia Union,PA,https://www.philadelphiaunion.com/academy,U-16 Schedule,https://www.philadelphiaunion.com/academy/schedule/u16,Academy
Philadelphia Union,PA,https://www.philadelphiaunion.com/academy,U15 Schedule,https://www.philadelphiaunion.com/academy/schedule/u15,Academy
Philadelphia Union,PA,https://www.philadelphiaunion.com/academy,U14 Schedule,https://www.philadelphiaunion.com/academy/schedule/u14,Academy
Philadelphia Union,PA,https://www.philadelphiaunion.com/academy,U13 Schedule,https://www.philadelphiaunion.com/academy/schedule/u13,Academy
Nashville SC,TN,https://www.nashvillesc.com/academy,Youth Programs,https://www.nashvillesc.com/youth,Program
Nashville SC,TN,https://www.nashvillesc.com/academy,U19 Schedule,https://www.nashvillesc.com/academy,Academy
Nashville SC,TN,https://www.nashvillesc.com/academy,All Teams,https://www.nashvillesc.com/academy/teams/index,Academy
Nashville SC,TN,https://www.nashvillesc.com/academy,U14,https://www.nashvillesc.com/academy/teams/u-14,Academy
Nashville SC,TN,https://www.nashvillesc.com/academy,U15,https://www.nashvillesc.com/academy/teams/u-15,Academy
Nashville SC,TN,https://www.nashvillesc.com/academy,U16,https://www.nashvillesc.com/academy/teams/u-16,Academy
Nashville SC,TN,https://www.nashvillesc.com/academy,U18,https://www.nashvillesc.com/academy/teams/u-18,Academy
Nashville SC,TN,https://www.nashvillesc.com/academy,Staff,https://www.nashvillesc.com/academy/staff,Academy
Nashville SC,TN,https://www.nashvillesc.com/academy,Residential Program,https://www.nashvillesc.com/academy/residential,Academy
Nashville SC,TN,https://www.nashvillesc.com/academy,Futures Program,https://www.nashvillesc.com/academy/future,Academy
Austin FC,TX,https://www.austinfc.com/academy,Schedule,https://www.austinfc.com/schedule/index,Program
Austin FC,TX,https://www.austinfc.com/academy,Academy Home,https://www.austinfc.com/academy,Academy
Austin FC,TX,https://www.austinfc.com/academy,Staff,https://www.austinfc.com/academy/staff,Academy
Austin FC,TX,https://www.austinfc.com/academy,Teams,https://www.austinfc.com/academy/teams,Academy
Austin FC,TX,https://www.austinfc.com/academy,Recruitment,https://www.austinfc.com/academy/recruitment,Academy
Austin FC,TX,https://www.austinfc.com/academy,Homestay,https://www.austinfc.com/academy/residential,Academy
Austin FC,TX,https://www.austinfc.com/academy,Homestay FAQ,https://www.austinfc.com/academy/residential-faq,Academy
Austin FC,TX,https://www.austinfc.com/academy,Center of Excellence,https://www.austinfc.com/academy/center-of-excellence,Academy
Houston Dynamo,TX,https://www.houstondynamo.com/academy,Youth Programs,https://www.houstondynamo.com/youthprograms,Program
Houston Dynamo,TX,https://www.houstondynamo.com/academy,Academy,https://www.houstondynamo.com/academy,Academy
Houston Dynamo,TX,https://www.houstondynamo.com/academy,Community,https://www.houstondynamo.com/academy/community,Academy
Houston Dynamo,TX,https://www.houstondynamo.com/academy,Technical Staff,https://www.houstondynamo.com/academy/staff,Academy
Houston Dynamo,TX,https://www.houstondynamo.com/academy,Schedules,https://www.houstondynamo.com/schedule/,Program
Real Salt Lake,UT,https://www.realsaltlake.com/academy,Schedule,https://www.realsaltlake.com/academy/schedule,Academy
Real Salt Lake,UT,https://www.realsaltlake.com/academy,Recruitment,https://www.realsaltlake.com/academy/recruit,Academy
Real Salt Lake,UT,https://www.realsaltlake.com/academy,Overview,https://www.realsaltlake.com/academy/index,Academy
Real Salt Lake,UT,https://www.realsaltlake.com/academy,Academy Pathway,https://www.realsaltlake.com/academy/pathway,Academy
Real Salt Lake,UT,https://www.realsaltlake.com/academy,U-15 Roster,https://www.realsaltlake.com/academy/rosters/u15,Academy
Real Salt Lake,UT,https://www.realsaltlake.com/academy,U-17 Roster,https://www.realsaltlake.com/academy/rosters/u17,Academy
Real Salt Lake,UT,https://www.realsaltlake.com/academy,Technical Staff,https://www.realsaltlake.com/academy/technical-staff,Academy
Real Salt Lake,UT,https://www.realsaltlake.com/academy,College,https://www.realsaltlake.com/academy/graduates/college,Academy
Real Salt Lake,UT,https://www.realsaltlake.com/academy,Domestic,https://www.realsaltlake.com/academy/graduates/domestic,Academy
Real Salt Lake,UT,https://www.realsaltlake.com/academy,International,https://www.realsaltlake.com/academy/graduates/international,Academy
Real Salt Lake,UT,https://www.realsaltlake.com/academy,Dorm Life,https://www.realsaltlake.com/academy/life/dorms,Academy
Real Salt Lake,UT,https://www.realsaltlake.com/academy,Community Engagement,https://www.realsaltlake.com/academy/life/community-engagement,Academy
Real Salt Lake,UT,https://www.realsaltlake.com/academy,Awards,https://www.realsaltlake.com/academy/awards,Academy
Real Salt Lake,UT,https://www.realsaltlake.com/academy,Schedule,https://www.realsaltlake.com/monarchs/schedule/,Program
Real Salt Lake,UT,https://www.realsaltlake.com/academy,Youth Programs,https://www.realsaltlake.com/youth/,Program
Seattle Sounders FC,WA,https://www.soundersfc.com/academy,Academy Home,https://www.soundersfc.com/academy/index,Academy
Seattle Sounders FC,WA,https://www.soundersfc.com/academy,Pathway,https://www.soundersfc.com/academy/pathway,Academy
Seattle Sounders FC,WA,https://www.soundersfc.com/academy,Recruitment,https://www.soundersfc.com/academy/recruitment,Academy
Seattle Sounders FC,WA,https://www.soundersfc.com/academy,Schedule,https://www.soundersfc.com/academy/schedule,Academy
Seattle Sounders FC,WA,https://www.soundersfc.com/academy,Academy Futures,https://www.soundersfc.com/academy/sounders-discovery-program,Academy
Seattle Sounders FC,WA,https://www.soundersfc.com/academy,Staff,https://www.soundersfc.com/academy/staff,Academy
Seattle Sounders FC,WA,https://www.soundersfc.com/academy,Teams,https://www.soundersfc.com/academy/teams,Academy
Seattle Sounders FC,WA,https://www.soundersfc.com/academy,Alumni,https://www.soundersfc.com/academy/alumni,Academy
Seattle Sounders FC,WA,https://www.soundersfc.com/academy,FAQs,https://www.soundersfc.com/academy/faqs,Academy
Seattle Sounders FC,WA,https://www.soundersfc.com/academy,Schedule,https://www.soundersfc.com/schedule/matches,Program
Vancouver Whitecaps FC,BC,https://www.whitecapsfc.com/academy,Academy,https://www.whitecapsfc.com/academy,Academy
Vancouver Whitecaps FC,BC,https://www.whitecapsfc.com/academy,MLS Academy,https://www.whitecapsfc.com/academy/mlsacademy,Academy
Vancouver Whitecaps FC,BC,https://www.whitecapsfc.com/academy,Staff,https://www.whitecapsfc.com/academy/staff-soccer-development,Academy
Vancouver Whitecaps FC,BC,https://www.whitecapsfc.com/academy,Coach Applications,https://www.whitecapsfc.com/academy/coaching-applications,Academy
Vancouver Whitecaps FC,BC,https://www.whitecapsfc.com/academy,Billet Program,https://www.whitecapsfc.com/academy/billet,Academy
Vancouver Whitecaps FC,BC,https://www.whitecapsfc.com/academy,1:21,https://www.whitecapsfc.com/video/it-starts-with-a-goal-presented-by-bmo-academy-combine,Academy
Vancouver Whitecaps FC,BC,https://www.whitecapsfc.com/academy,0:46,https://www.whitecapsfc.com/video/it-starts-with-a-goal-presented-by-bmo-whitecaps-fc-bmo-mls-academy-midfielder-j,Academy
Vancouver Whitecaps FC,BC,https://www.whitecapsfc.com/academy,0:41,https://www.whitecapsfc.com/video/it-starts-with-a-goal-presented-by-bmo-whitecaps-fc-girls-elite-fullback-nyema-i,Program
Vancouver Whitecaps FC,BC,https://www.whitecapsfc.com/academy,0:48,https://www.whitecapsfc.com/video/it-starts-with-a-goal-presented-by-bmo-whitecaps-fc-girls-elite-bmo-academy-midf,Academy
Vancouver Whitecaps FC,BC,https://www.whitecapsfc.com/academy,0:48,https://www.whitecapsfc.com/video/it-starts-with-a-goal-presented-by-bmo-whitecaps-fc-girls-elite-bmo-academy-full,Academy
Vancouver Whitecaps FC,BC,https://www.whitecapsfc.com/academy,Schedule,https://www.whitecapsfc.com/schedule,Program
Toronto FC Academy,ON,https://www.torontofc.ca/academy,Schedule,https://www.torontofc.ca/schedule/matches,Program
Toronto FC Academy,ON,https://www.torontofc.ca/academy,Academy,https://www.torontofc.ca/academy/index,Academy
Toronto FC Academy,ON,https://www.torontofc.ca/academy,Academy Open Tryouts,https://www.torontofc.ca/academy/open-tryouts,Academy
Toronto FC Academy,ON,https://www.torontofc.ca/academy,Schedule,https://www.torontofc.ca/schedule/,Program
