league,event_id,club,gotsport_url
NorCal NPL,44145,1974 Newark FC,https://system.gotsport.com/org_event/events/44145/clubs/13073
NorCal NPL,44145,AC Los Banos,https://system.gotsport.com/org_event/events/44145/clubs/13101
NorCal NPL,44145,AC Marin,https://system.gotsport.com/org_event/events/44145/clubs/8381
NorCal NPL,44145,Ajax United,https://system.gotsport.com/org_event/events/44145/clubs/11022
NorCal NPL,44145,Alameda Soccer Club,https://system.gotsport.com/org_event/events/44145/clubs/10485
NorCal NPL,44145,Albany Berkeley Soccer Club,https://system.gotsport.com/org_event/events/44145/clubs/13077
NorCal NPL,44145,ALBION SC Central Valley,https://system.gotsport.com/org_event/events/44145/clubs/13037
NorCal NPL,44145,ALBION SC Merced,https://system.gotsport.com/org_event/events/44145/clubs/13029
NorCal NPL,44145,ALBION SC Silicon Valley,https://system.gotsport.com/org_event/events/44145/clubs/14120
NorCal NPL,44145,ALBION SC Silicon Valley East Bay,https://system.gotsport.com/org_event/events/44145/clubs/13063
NorCal NPL,44145,Allstars SC,https://system.gotsport.com/org_event/events/44145/clubs/13083
NorCal NPL,44145,Almaden FC,https://system.gotsport.com/org_event/events/44145/clubs/13017
NorCal NPL,44145,Association Football Club,https://system.gotsport.com/org_event/events/44145/clubs/8470
NorCal NPL,44145,Atletico Santa Rosa,https://system.gotsport.com/org_event/events/44145/clubs/13001
NorCal NPL,44145,Ballistic United,https://system.gotsport.com/org_event/events/44145/clubs/8390
NorCal NPL,44145,Bay Area Surf,https://system.gotsport.com/org_event/events/44145/clubs/9035
NorCal NPL,44145,Belmont United,https://system.gotsport.com/org_event/events/44145/clubs/13105
NorCal NPL,44145,Black Oaks Youth Soccer Club,https://system.gotsport.com/org_event/events/44145/clubs/13000
NorCal NPL,44145,Blues FC,https://system.gotsport.com/org_event/events/44145/clubs/8443
NorCal NPL,44145,Burlingame Soccer Club,https://system.gotsport.com/org_event/events/44145/clubs/11048
NorCal NPL,44145,Butte United Soccer Club,https://system.gotsport.com/org_event/events/44145/clubs/13020
NorCal NPL,44145,California Magic Soccer Club,https://system.gotsport.com/org_event/events/44145/clubs/13014
NorCal NPL,44145,California Odyssey Soccer Club,https://system.gotsport.com/org_event/events/44145/clubs/12988
NorCal NPL,44145,Capital Valley Futbol Club,https://system.gotsport.com/org_event/events/44145/clubs/12995
NorCal NPL,44145,Castro Valley Soccer Club,https://system.gotsport.com/org_event/events/44145/clubs/10957
NorCal NPL,44145,Central California Soccer Alliance,https://system.gotsport.com/org_event/events/44145/clubs/13023
NorCal NPL,44145,Central Coast FC,https://system.gotsport.com/org_event/events/44145/clubs/32943
NorCal NPL,44145,Central Valley Premier FC,https://system.gotsport.com/org_event/events/44145/clubs/12998
NorCal NPL,44145,Ceres Rush,https://system.gotsport.com/org_event/events/44145/clubs/12811
NorCal NPL,44145,Chesterfield Sunday League,https://system.gotsport.com/org_event/events/44145/clubs/1612
NorCal NPL,44145,Chico Cal Soccer Club,https://system.gotsport.com/org_event/events/44145/clubs/12991
NorCal NPL,44145,City SC Kings County,https://system.gotsport.com/org_event/events/44145/clubs/13048
NorCal NPL,44145,Clippers FC,https://system.gotsport.com/org_event/events/44145/clubs/11066
NorCal NPL,44145,Clovis Crossfire,https://system.gotsport.com/org_event/events/44145/clubs/9034
NorCal NPL,44145,Corte Madera Football Club,https://system.gotsport.com/org_event/events/44145/clubs/13024
NorCal NPL,44145,CV Futbol Academy,https://system.gotsport.com/org_event/events/44145/clubs/18473
NorCal NPL,44145,Davis Legacy Soccer Club,https://system.gotsport.com/org_event/events/44145/clubs/7940
NorCal NPL,44145,Diablo Valley Futbol Club,https://system.gotsport.com/org_event/events/44145/clubs/13128
NorCal NPL,44145,Dixon Leon SC,https://system.gotsport.com/org_event/events/44145/clubs/13049
NorCal NPL,44145,Dnamo FC,https://system.gotsport.com/org_event/events/44145/clubs/13654
NorCal NPL,44145,Dublin United,https://system.gotsport.com/org_event/events/44145/clubs/3656
NorCal NPL,44145,East Bay United,https://system.gotsport.com/org_event/events/44145/clubs/11069
NorCal NPL,44145,Eastshore Alliance FC,https://system.gotsport.com/org_event/events/44145/clubs/13470
NorCal NPL,44145,El Camino FC Salinas,https://system.gotsport.com/org_event/events/44145/clubs/12980
NorCal NPL,44145,El Dorado Hills Soccer Club,https://system.gotsport.com/org_event/events/44145/clubs/10996
NorCal NPL,44145,Elk Grove Soccer,https://system.gotsport.com/org_event/events/44145/clubs/10988
NorCal NPL,44145,Elk Grove Surf,https://system.gotsport.com/org_event/events/44145/clubs/8452
NorCal NPL,44145,Elk Grove United SC,https://system.gotsport.com/org_event/events/44145/clubs/7934
NorCal NPL,44145,FC Fresno Academy,https://system.gotsport.com/org_event/events/44145/clubs/13131
NorCal NPL,44145,Folsom Lake Surf,https://system.gotsport.com/org_event/events/44145/clubs/12498
NorCal NPL,44145,Force,https://system.gotsport.com/org_event/events/44145/clubs/462
NorCal NPL,44145,FRESNO HEAT FC,https://system.gotsport.com/org_event/events/44145/clubs/13039
NorCal NPL,44145,Fruitridge Soccer Club,https://system.gotsport.com/org_event/events/44145/clubs/11077
NorCal NPL,44145,Girls Unite,https://system.gotsport.com/org_event/events/44145/clubs/13072
NorCal NPL,44145,GotSport United (Demo Only),https://system.gotsport.com/org_event/events/44145/clubs/7043
NorCal NPL,44145,Granite Bay FC,https://system.gotsport.com/org_event/events/44145/clubs/11088
NorCal NPL,44145,Hollister Tremors,https://system.gotsport.com/org_event/events/44145/clubs/11059
NorCal NPL,44145,JSC Soccer Club,https://system.gotsport.com/org_event/events/44145/clubs/8213
NorCal NPL,44145,Legends FC (SJ),https://system.gotsport.com/org_event/events/44145/clubs/8451
NorCal NPL,44145,Livermore Fusion SC,https://system.gotsport.com/org_event/events/44145/clubs/8189
NorCal NPL,44145,Loomis Youth Soccer Club,https://system.gotsport.com/org_event/events/44145/clubs/10487
NorCal NPL,44145,Los Banos Valley Soccer Club,https://system.gotsport.com/org_event/events/44145/clubs/23473
NorCal NPL,44145,Los Gatos United Soccer Club,https://system.gotsport.com/org_event/events/44145/clubs/10937
NorCal NPL,44145,Madera United Futbol Club,https://system.gotsport.com/org_event/events/44145/clubs/13621
NorCal NPL,44145,MANTECA FUTBOL CLUB,https://system.gotsport.com/org_event/events/44145/clubs/7943
NorCal NPL,44145,Marin FC,https://system.gotsport.com/org_event/events/44145/clubs/13019
NorCal NPL,44145,Mendocino County Sports Academy,https://system.gotsport.com/org_event/events/44145/clubs/13026
NorCal NPL,44145,Merced United FC,https://system.gotsport.com/org_event/events/44145/clubs/13070
NorCal NPL,44145,Mission Youth Soccer League,https://system.gotsport.com/org_event/events/44145/clubs/12537
NorCal NPL,44145,Monterey Surf Soccer Club,https://system.gotsport.com/org_event/events/44145/clubs/13007
NorCal NPL,44145,Mt Diablo Mustang Soccer,https://system.gotsport.com/org_event/events/44145/clubs/31187
NorCal NPL,44145,Mustang Soccer,https://system.gotsport.com/org_event/events/44145/clubs/10952
NorCal NPL,44145,MVLA,https://system.gotsport.com/org_event/events/44145/clubs/11058
NorCal NPL,44145,MVLA East,https://system.gotsport.com/org_event/events/44145/clubs/12993
NorCal NPL,44145,Napa Sport Soccer Club,https://system.gotsport.com/org_event/events/44145/clubs/13025
NorCal NPL,44145,Napa United,https://system.gotsport.com/org_event/events/44145/clubs/13015
NorCal NPL,44145,Natomas Rush FC,https://system.gotsport.com/org_event/events/44145/clubs/13004
NorCal NPL,44145,North Bay Premier Club,https://system.gotsport.com/org_event/events/44145/clubs/19521
NorCal NPL,44145,North Coast Futbol Club,https://system.gotsport.com/org_event/events/44145/clubs/12999
NorCal NPL,44145,Northern Nevada Soccer Club,https://system.gotsport.com/org_event/events/44145/clubs/13817
NorCal NPL,44145,North Marin United,https://system.gotsport.com/org_event/events/44145/clubs/13022
NorCal NPL,44145,Oakland Genesis,https://system.gotsport.com/org_event/events/44145/clubs/22572
NorCal NPL,44145,Oakland Soccer Club,https://system.gotsport.com/org_event/events/44145/clubs/11067
NorCal NPL,44145,OV Toros FC,https://system.gotsport.com/org_event/events/44145/clubs/13069
NorCal NPL,44145,Pacifica United Soccer Club,https://system.gotsport.com/org_event/events/44145/clubs/11047
NorCal NPL,44145,Pajaro Valley Youth Soccer Club,https://system.gotsport.com/org_event/events/44145/clubs/10944
NorCal NPL,44145,Palo Alto SC,https://system.gotsport.com/org_event/events/44145/clubs/8215
NorCal NPL,44145,Peninsula Youth Soccer,https://system.gotsport.com/org_event/events/44145/clubs/8216
NorCal NPL,44145,Piedmont SC,https://system.gotsport.com/org_event/events/44145/clubs/11068
NorCal NPL,44145,Placer United Soccer Club,https://system.gotsport.com/org_event/events/44145/clubs/8214
NorCal NPL,44145,PSV Union FC Academy,https://system.gotsport.com/org_event/events/44145/clubs/12979
NorCal NPL,44145,Real Atletico Futbol Club,https://system.gotsport.com/org_event/events/44145/clubs/13046
NorCal NPL,44145,Real Salinas,https://system.gotsport.com/org_event/events/44145/clubs/13094
NorCal NPL,44145,Reno APEX Soccer Club,https://system.gotsport.com/org_event/events/44145/clubs/12893
NorCal NPL,44145,Revolution FC,https://system.gotsport.com/org_event/events/44145/clubs/25259
NorCal NPL,44145,Revolution SC,https://system.gotsport.com/org_event/events/44145/clubs/13114
NorCal NPL,44145,Richmond Sol Cobras,https://system.gotsport.com/org_event/events/44145/clubs/13113
NorCal NPL,44145,Richmond United SC,https://system.gotsport.com/org_event/events/44145/clubs/11065
NorCal NPL,44145,Rocklin FC,https://system.gotsport.com/org_event/events/44145/clubs/11085
NorCal NPL,44145,Roseville Youth Soccer Club,https://system.gotsport.com/org_event/events/44145/clubs/11084
NorCal NPL,44145,Sacramento Alliance SC,https://system.gotsport.com/org_event/events/44145/clubs/13036
NorCal NPL,44145,Sacramento United,https://system.gotsport.com/org_event/events/44145/clubs/13008
NorCal NPL,44145,San Carlos United Soccer Club,https://system.gotsport.com/org_event/events/44145/clubs/11052
NorCal NPL,44145,San Francisco Glens Soccer Club,https://system.gotsport.com/org_event/events/44145/clubs/13052
NorCal NPL,44145,San Francisco Seals,https://system.gotsport.com/org_event/events/44145/clubs/12983
NorCal NPL,44145,Sanger FC,https://system.gotsport.com/org_event/events/44145/clubs/19499
NorCal NPL,44145,San Jose Rush,https://system.gotsport.com/org_event/events/44145/clubs/13087
NorCal NPL,44145,San Juan South Soccer Club,https://system.gotsport.com/org_event/events/44145/clubs/13064
NorCal NPL,44145,San Mateo County FC,https://system.gotsport.com/org_event/events/44145/clubs/13054
NorCal NPL,44145,San Pablo United YSC,https://system.gotsport.com/org_event/events/44145/clubs/11064
NorCal NPL,44145,Santa Clara Sporting,https://system.gotsport.com/org_event/events/44145/clubs/8444
NorCal NPL,44145,Santa Cruz City Soccer Club,https://system.gotsport.com/org_event/events/44145/clubs/10943
NorCal NPL,44145,Santa Cruz Mid-County Youth Soccer Club,https://system.gotsport.com/org_event/events/44145/clubs/10945
NorCal NPL,44145,Santa Cruz United Football Club,https://system.gotsport.com/org_event/events/44145/clubs/13066
NorCal NPL,44145,Santa Rosa Empire Soccer Club,https://system.gotsport.com/org_event/events/44145/clubs/13032
NorCal NPL,44145,Santa Rosa United Soccer,https://system.gotsport.com/org_event/events/44145/clubs/13080
NorCal NPL,44145,Sentinels Soccer Club,https://system.gotsport.com/org_event/events/44145/clubs/13079
NorCal NPL,44145,SF Aftershocks FC,https://system.gotsport.com/org_event/events/44145/clubs/13050
NorCal NPL,44145,SF United FC,https://system.gotsport.com/org_event/events/44145/clubs/13061
NorCal NPL,44145,Sheriffs FC,https://system.gotsport.com/org_event/events/44145/clubs/9165
NorCal NPL,44145,Sierra Surf SC,https://system.gotsport.com/org_event/events/44145/clubs/8295
NorCal NPL,44145,Silicon Valley Eagles,https://system.gotsport.com/org_event/events/44145/clubs/13612
NorCal NPL,44145,Solano Surf,https://system.gotsport.com/org_event/events/44145/clubs/10402
NorCal NPL,44145,Sonoma County Premier,https://system.gotsport.com/org_event/events/44145/clubs/13060
NorCal NPL,44145,Sonoma Valley United,https://system.gotsport.com/org_event/events/44145/clubs/12987
NorCal NPL,44145,South Tahoe FC,https://system.gotsport.com/org_event/events/44145/clubs/7945
NorCal NPL,44145,South Valley Chivas Academy,https://system.gotsport.com/org_event/events/44145/clubs/13057
NorCal NPL,44145,South Valley United Soccer Club,https://system.gotsport.com/org_event/events/44145/clubs/13248
NorCal NPL,44145,Stanford Strikers FC,https://system.gotsport.com/org_event/events/44145/clubs/8384
NorCal NPL,44145,Stanislaus United,https://system.gotsport.com/org_event/events/44145/clubs/8488
NorCal NPL,44145,Stockton Storm Futbol Club,https://system.gotsport.com/org_event/events/44145/clubs/13058
NorCal NPL,44145,Stockton TLJ FC,https://system.gotsport.com/org_event/events/44145/clubs/13614
NorCal NPL,44145,Sunnyvale Alliance SC,https://system.gotsport.com/org_event/events/44145/clubs/11057
NorCal NPL,44145,Tahuichi F.C. Youth Soccer,https://system.gotsport.com/org_event/events/44145/clubs/13078
NorCal NPL,44145,Tracy United,https://system.gotsport.com/org_event/events/44145/clubs/13045
NorCal NPL,44145,TSP FC,https://system.gotsport.com/org_event/events/44145/clubs/13044
NorCal NPL,44145,Turlock Academica Jrs,https://system.gotsport.com/org_event/events/44145/clubs/11025
NorCal NPL,44145,UC Premier,https://system.gotsport.com/org_event/events/44145/clubs/10960
NorCal NPL,44145,Union Sacramento FC,https://system.gotsport.com/org_event/events/44145/clubs/13002
NorCal NPL,44145,USA Stars Academy,https://system.gotsport.com/org_event/events/44145/clubs/13033
NorCal NPL,44145,Vacaville United Soccer Club,https://system.gotsport.com/org_event/events/44145/clubs/10992
NorCal NPL,44145,Valley Surf | America,https://system.gotsport.com/org_event/events/44145/clubs/18474
NorCal NPL,44145,Valley United Soccer Club Association,https://system.gotsport.com/org_event/events/44145/clubs/13075
NorCal NPL,44145,Walnut Creek Surf Soccer Club,https://system.gotsport.com/org_event/events/44145/clubs/10956
NorCal NPL,44145,West Coast Soccer,https://system.gotsport.com/org_event/events/44145/clubs/8461
NorCal NPL,44145,West Coast Soccer Tracy,https://system.gotsport.com/org_event/events/44145/clubs/13129
NorCal NPL,44145,West Valley Soccer Club,https://system.gotsport.com/org_event/events/44145/clubs/13109
NorCal NPL,44145,Woodland Soccer Club,https://system.gotsport.com/org_event/events/44145/clubs/11192
NorCal NPL,44145,WSC Crush,https://system.gotsport.com/org_event/events/44145/clubs/13034
FCL NPL (Florida),44970,"AC Delray, Inc.",https://system.gotsport.com/org_event/events/44970/clubs/10069
FCL NPL (Florida),44970,Amelia Island YSO,https://system.gotsport.com/org_event/events/44970/clubs/10177
FCL NPL (Florida),44970,Ancient City SC,https://system.gotsport.com/org_event/events/44970/clubs/10176
FCL NPL (Florida),44970,"Azzurri Storm Soccer, Inc.",https://system.gotsport.com/org_event/events/44970/clubs/10104
FCL NPL (Florida),44970,Barcelona Soccer Academy,https://system.gotsport.com/org_event/events/44970/clubs/10158
FCL NPL (Florida),44970,Big Sun YSL,https://system.gotsport.com/org_event/events/44970/clubs/8234
FCL NPL (Florida),44970,Boynton Beach Knights,https://system.gotsport.com/org_event/events/44970/clubs/10117
FCL NPL (Florida),44970,Brevard SA,https://system.gotsport.com/org_event/events/44970/clubs/10151
FCL NPL (Florida),44970,Cape Coral Soccer,https://system.gotsport.com/org_event/events/44970/clubs/9019
FCL NPL (Florida),44970,Chargers SC LWR,https://system.gotsport.com/org_event/events/44970/clubs/12656
FCL NPL (Florida),44970,Chargers SC TPA,https://system.gotsport.com/org_event/events/44970/clubs/12657
FCL NPL (Florida),44970,Davie United SC,https://system.gotsport.com/org_event/events/44970/clubs/10098
FCL NPL (Florida),44970,"DME Academy, Sarasota",https://system.gotsport.com/org_event/events/44970/clubs/27638
FCL NPL (Florida),44970,Doral SC,https://system.gotsport.com/org_event/events/44970/clubs/9424
FCL NPL (Florida),44970,Dunedin Stirling SC,https://system.gotsport.com/org_event/events/44970/clubs/10170
FCL NPL (Florida),44970,FC America,https://system.gotsport.com/org_event/events/44970/clubs/12647
FCL NPL (Florida),44970,FC Prime,https://system.gotsport.com/org_event/events/44970/clubs/10144
FCL NPL (Florida),44970,FC Sarasota Inc,https://system.gotsport.com/org_event/events/44970/clubs/10121
FCL NPL (Florida),44970,FC Tampa Rangers,https://system.gotsport.com/org_event/events/44970/clubs/9413
FCL NPL (Florida),44970,FD Football Club,https://system.gotsport.com/org_event/events/44970/clubs/27490
FCL NPL (Florida),44970,Florida Celtic,https://system.gotsport.com/org_event/events/44970/clubs/3731
FCL NPL (Florida),44970,Florida Kraze Krush,https://system.gotsport.com/org_event/events/44970/clubs/9984
FCL NPL (Florida),44970,Florida Premier FC,https://system.gotsport.com/org_event/events/44970/clubs/3681
FCL NPL (Florida),44970,Florida Tropics Academy,https://system.gotsport.com/org_event/events/44970/clubs/25447
FCL NPL (Florida),44970,Fort Lauderdale United FC,https://system.gotsport.com/org_event/events/44970/clubs/12878
FCL NPL (Florida),44970,GOT FC,https://system.gotsport.com/org_event/events/44970/clubs/27492
FCL NPL (Florida),44970,Hernando SC,https://system.gotsport.com/org_event/events/44970/clubs/10136
FCL NPL (Florida),44970,Herron Soccer Academy,https://system.gotsport.com/org_event/events/44970/clubs/13452
FCL NPL (Florida),44970,Jacksonville FC,https://system.gotsport.com/org_event/events/44970/clubs/1093
FCL NPL (Florida),44970,Kings Hammer Swan City Soccer Club,https://system.gotsport.com/org_event/events/44970/clubs/5066
FCL NPL (Florida),44970,Mako Soccer Club,https://system.gotsport.com/org_event/events/44970/clubs/9174
FCL NPL (Florida),44970,Naples Elite Soccer Club,https://system.gotsport.com/org_event/events/44970/clubs/26811
FCL NPL (Florida),44970,"Nature Coast Soccer Club, Inc.",https://system.gotsport.com/org_event/events/44970/clubs/10141
FCL NPL (Florida),44970,North Manatee Soccer,https://system.gotsport.com/org_event/events/44970/clubs/13689
FCL NPL (Florida),44970,North Port Fusion FC,https://system.gotsport.com/org_event/events/44970/clubs/8237
FCL NPL (Florida),44970,Orlando City Soccer School Lake Nona,https://system.gotsport.com/org_event/events/44970/clubs/9016
FCL NPL (Florida),44970,Ormond Beach Soccer Club,https://system.gotsport.com/org_event/events/44970/clubs/8085
FCL NPL (Florida),44970,Palm Beach Kicks,https://system.gotsport.com/org_event/events/44970/clubs/9021
FCL NPL (Florida),44970,Parkland Soccer Club,https://system.gotsport.com/org_event/events/44970/clubs/3625
FCL NPL (Florida),44970,Plant City FC,https://system.gotsport.com/org_event/events/44970/clubs/8163
FCL NPL (Florida),44970,"PSL Soccer Club/Hurricanes, Inc.",https://system.gotsport.com/org_event/events/44970/clubs/3644
FCL NPL (Florida),44970,RONALDO ACADEMY TAMPA BAY,https://system.gotsport.com/org_event/events/44970/clubs/27756
FCL NPL (Florida),44970,SABR - Team Boca,https://system.gotsport.com/org_event/events/44970/clubs/10055
FCL NPL (Florida),44970,Schulz Academy,https://system.gotsport.com/org_event/events/44970/clubs/12858
FCL NPL (Florida),44970,South Florida Football Academy,https://system.gotsport.com/org_event/events/44970/clubs/13707
FCL NPL (Florida),44970,South Miami United FC,https://system.gotsport.com/org_event/events/44970/clubs/31396
FCL NPL (Florida),44970,South Orlando SC,https://system.gotsport.com/org_event/events/44970/clubs/10168
FCL NPL (Florida),44970,Space Coast United,https://system.gotsport.com/org_event/events/44970/clubs/3248
FCL NPL (Florida),44970,Sporting Gainesville Soccer Academy,https://system.gotsport.com/org_event/events/44970/clubs/10047
FCL NPL (Florida),44970,Sporting Jax Soccer Academy,https://system.gotsport.com/org_event/events/44970/clubs/2749
FCL NPL (Florida),44970,Springs Soccer Club,https://system.gotsport.com/org_event/events/44970/clubs/10344
FCL NPL (Florida),44970,St. Petersburg Football Club,https://system.gotsport.com/org_event/events/44970/clubs/10179
FCL NPL (Florida),44970,Strikers Miami FC,https://system.gotsport.com/org_event/events/44970/clubs/10138
FCL NPL (Florida),44970,Sunrise Soccer Club,https://system.gotsport.com/org_event/events/44970/clubs/3638
FCL NPL (Florida),44970,Tampa Bay United,https://system.gotsport.com/org_event/events/44970/clubs/5155
FCL NPL (Florida),44970,Tampa Dynamo FC,https://system.gotsport.com/org_event/events/44970/clubs/3688
FCL NPL (Florida),44970,Tampa Knights,https://system.gotsport.com/org_event/events/44970/clubs/33511
FCL NPL (Florida),44970,The DA,https://system.gotsport.com/org_event/events/44970/clubs/20179
FCL NPL (Florida),44970,Tropical Soccer,https://system.gotsport.com/org_event/events/44970/clubs/8167
FCL NPL (Florida),44970,Wellington SC,https://system.gotsport.com/org_event/events/44970/clubs/10051
FCL NPL (Florida),44970,West Florida Flames,https://system.gotsport.com/org_event/events/44970/clubs/8217
FCL NPL (Florida),44970,Weston FC,https://system.gotsport.com/org_event/events/44970/clubs/504
GLA NPL,43157,Akron Metro Futbol Club,https://system.gotsport.com/org_event/events/43157/clubs/5071
GLA NPL,43157,Allegheny Force FC,https://system.gotsport.com/org_event/events/43157/clubs/7785
GLA NPL,43157,Ambassadors FC (OH),https://system.gotsport.com/org_event/events/43157/clubs/12673
GLA NPL,43157,Barcelona United,https://system.gotsport.com/org_event/events/43157/clubs/7775
GLA NPL,43157,Beadling SC,https://system.gotsport.com/org_event/events/43157/clubs/7787
GLA NPL,43157,Blast FC Soccer Academy,https://system.gotsport.com/org_event/events/43157/clubs/4735
GLA NPL,43157,Buffalo Pro Soccer Academy,https://system.gotsport.com/org_event/events/43157/clubs/30124
GLA NPL,43157,Buffalo Stallions,https://system.gotsport.com/org_event/events/43157/clubs/4173
GLA NPL,43157,Butler United SC,https://system.gotsport.com/org_event/events/43157/clubs/23976
GLA NPL,43157,BVB International Academy - Pittsburgh,https://system.gotsport.com/org_event/events/43157/clubs/18893
GLA NPL,43157,Canton Akron United Force,https://system.gotsport.com/org_event/events/43157/clubs/7390
GLA NPL,43157,Caps FC,https://system.gotsport.com/org_event/events/43157/clubs/12674
GLA NPL,43157,Carmel FC,https://system.gotsport.com/org_event/events/43157/clubs/7704
GLA NPL,43157,Central Ohio Elite,https://system.gotsport.com/org_event/events/43157/clubs/19307
GLA NPL,43157,Century United Soccer,https://system.gotsport.com/org_event/events/43157/clubs/4337
GLA NPL,43157,Chili Soccer Association,https://system.gotsport.com/org_event/events/43157/clubs/27070
GLA NPL,43157,Cincinnati Elite FC,https://system.gotsport.com/org_event/events/43157/clubs/4728
GLA NPL,43157,Cincy Galaxy SC,https://system.gotsport.com/org_event/events/43157/clubs/23971
GLA NPL,43157,Clarence SC,https://system.gotsport.com/org_event/events/43157/clubs/23152
GLA NPL,43157,Cleveland Cobras,https://system.gotsport.com/org_event/events/43157/clubs/8328
GLA NPL,43157,Cleveland Football Academy,https://system.gotsport.com/org_event/events/43157/clubs/12669
GLA NPL,43157,Cleveland Force SC,https://system.gotsport.com/org_event/events/43157/clubs/7763
GLA NPL,43157,Cleveland Kickers Soccer Club,https://system.gotsport.com/org_event/events/43157/clubs/12671
GLA NPL,43157,***Club NOT listed,https://system.gotsport.com/org_event/events/43157/clubs/10190
GLA NPL,43157,Club X Soccer,https://system.gotsport.com/org_event/events/43157/clubs/33878
GLA NPL,43157,Columbus Force SC,https://system.gotsport.com/org_event/events/43157/clubs/7774
GLA NPL,43157,Confluence SC,https://system.gotsport.com/org_event/events/43157/clubs/32719
GLA NPL,43157,Croatia Jrs,https://system.gotsport.com/org_event/events/43157/clubs/12897
GLA NPL,43157,Cuyahoga Valley Soccer Academy,https://system.gotsport.com/org_event/events/43157/clubs/12666
GLA NPL,43157,Delaware Soccer Club,https://system.gotsport.com/org_event/events/43157/clubs/19464
GLA NPL,43157,Elite FC,https://system.gotsport.com/org_event/events/43157/clubs/12399
GLA NPL,43157,Erie FC,https://system.gotsport.com/org_event/events/43157/clubs/12678
GLA NPL,43157,Erie Junior Commodores,https://system.gotsport.com/org_event/events/43157/clubs/18915
GLA NPL,43157,FC Alliance,https://system.gotsport.com/org_event/events/43157/clubs/3624
GLA NPL,43157,FC Midwest Academy Kendallville,https://system.gotsport.com/org_event/events/43157/clubs/25739
GLA NPL,43157,FC Pittsburgh,https://system.gotsport.com/org_event/events/43157/clubs/7788
GLA NPL,43157,Fusion FC NKY,https://system.gotsport.com/org_event/events/43157/clubs/3707
GLA NPL,43157,Gem City Soccer Alliance,https://system.gotsport.com/org_event/events/43157/clubs/35319
GLA NPL,43157,Glory SC,https://system.gotsport.com/org_event/events/43157/clubs/19314
GLA NPL,43157,Greater Firelands FC,https://system.gotsport.com/org_event/events/43157/clubs/5073
GLA NPL,43157,Great Lakes Alliance,https://system.gotsport.com/org_event/events/43157/clubs/12557
GLA NPL,43157,GTFC Impact,https://system.gotsport.com/org_event/events/43157/clubs/7765
GLA NPL,43157,Hoosier Futbol Club,https://system.gotsport.com/org_event/events/43157/clubs/7686
GLA NPL,43157,Indy Eleven North,https://system.gotsport.com/org_event/events/43157/clubs/10239
GLA NPL,43157,Internationals SC,https://system.gotsport.com/org_event/events/43157/clubs/9538
GLA NPL,43157,Kenmore Soccer Club,https://system.gotsport.com/org_event/events/43157/clubs/12903
GLA NPL,43157,Kings Hammer New Albany,https://system.gotsport.com/org_event/events/43157/clubs/18666
GLA NPL,43157,Legend SC,https://system.gotsport.com/org_event/events/43157/clubs/19319
GLA NPL,43157,Liberty Football Club,https://system.gotsport.com/org_event/events/43157/clubs/12896
GLA NPL,43157,Lightning SC (OH),https://system.gotsport.com/org_event/events/43157/clubs/23914
GLA NPL,43157,Manta United Soccer Club,https://system.gotsport.com/org_event/events/43157/clubs/13548
GLA NPL,43157,Mountaineer United Soccer Club,https://system.gotsport.com/org_event/events/43157/clubs/26361
GLA NPL,43157,NASA Xtabi,https://system.gotsport.com/org_event/events/43157/clubs/19321
GLA NPL,43157,Northern Steel,https://system.gotsport.com/org_event/events/43157/clubs/7792
GLA NPL,43157,North FC,https://system.gotsport.com/org_event/events/43157/clubs/12895
GLA NPL,43157,North Stars FC,https://system.gotsport.com/org_event/events/43157/clubs/22929
GLA NPL,43157,Northwest FC,https://system.gotsport.com/org_event/events/43157/clubs/18667
GLA NPL,43157,NY Rush,https://system.gotsport.com/org_event/events/43157/clubs/12909
GLA NPL,43157,Ohio Galaxies FC,https://system.gotsport.com/org_event/events/43157/clubs/7780
GLA NPL,43157,Ohio Premier,https://system.gotsport.com/org_event/events/43157/clubs/7781
GLA NPL,43157,Ohio Strikers United,https://system.gotsport.com/org_event/events/43157/clubs/12676
GLA NPL,43157,Olimpia USA Soccer,https://system.gotsport.com/org_event/events/43157/clubs/19324
GLA NPL,43157,Pacesetter Soccer Club,https://system.gotsport.com/org_event/events/43157/clubs/5069
GLA NPL,43157,Pittsburgh Elite Soccer Club,https://system.gotsport.com/org_event/events/43157/clubs/12907
GLA NPL,43157,Pittsburgh Football Club,https://system.gotsport.com/org_event/events/43157/clubs/22827
GLA NPL,43157,Pittsburgh Independence FC,https://system.gotsport.com/org_event/events/43157/clubs/34553
GLA NPL,43157,Pittsburgh Riverhounds,https://system.gotsport.com/org_event/events/43157/clubs/63
GLA NPL,43157,Pittsford Mustangs Soccer Club,https://system.gotsport.com/org_event/events/43157/clubs/23223
GLA NPL,43157,Polaris Soccer Club,https://system.gotsport.com/org_event/events/43157/clubs/13278
GLA NPL,43157,Pride Soccer Club,https://system.gotsport.com/org_event/events/43157/clubs/13279
GLA NPL,43157,Soccer Vision Academy Girls,https://system.gotsport.com/org_event/events/43157/clubs/12670
GLA NPL,43157,Soccer Vision Academy- OH Boys,https://system.gotsport.com/org_event/events/43157/clubs/12901
GLA NPL,43157,Spire FC,https://system.gotsport.com/org_event/events/43157/clubs/26080
GLA NPL,43157,Sporting Columbus,https://system.gotsport.com/org_event/events/43157/clubs/3724
GLA NPL,43157,SP Soccer Academy,https://system.gotsport.com/org_event/events/43157/clubs/13280
GLA NPL,43157,Stark United Premier SC,https://system.gotsport.com/org_event/events/43157/clubs/31713
GLA NPL,43157,Steel City FC,https://system.gotsport.com/org_event/events/43157/clubs/19239
GLA NPL,43157,Syracuse United Soccer of CNY,https://system.gotsport.com/org_event/events/43157/clubs/25086
GLA NPL,43157,Team Challenger FC North,https://system.gotsport.com/org_event/events/43157/clubs/9381
GLA NPL,43157,Tempest FC,https://system.gotsport.com/org_event/events/43157/clubs/10281
GLA NPL,43157,Toledo Celtics,https://system.gotsport.com/org_event/events/43157/clubs/7770
GLA NPL,43157,Upper 90 FC,https://system.gotsport.com/org_event/events/43157/clubs/7771
GLA NPL,43157,Victory SC,https://system.gotsport.com/org_event/events/43157/clubs/18627
MDL NPL (GLA Boys),43156,Columbus Express,https://system.gotsport.com/org_event/events/43156/clubs/7674
MDL NPL (GLA Boys),43156,Gateway Rush Soccer Club,https://system.gotsport.com/org_event/events/43156/clubs/13769
MDL NPL (GLA Boys),43156,Indiana Impact SC,https://system.gotsport.com/org_event/events/43156/clubs/10229
MDL NPL (GLA Boys),43156,Indy Eleven Spirit,https://system.gotsport.com/org_event/events/43156/clubs/7870
MDL NPL (GLA Boys),43156,Mercury,https://system.gotsport.com/org_event/events/43156/clubs/9978
MDL NPL (GLA Boys),43156,Metro Alliance FC,https://system.gotsport.com/org_event/events/43156/clubs/18983
Central States NPL,46428,Gateway Rush Soccer Club,https://system.gotsport.com/org_event/events/46428/clubs/13769
Central States NPL,46428,Gretna Elite Academy,https://system.gotsport.com/org_event/events/46428/clubs/7810
Central States NPL,46428,JB Marine Soccer Club,https://system.gotsport.com/org_event/events/46428/clubs/7801
Central States NPL,46428,Kansas City Surf,https://system.gotsport.com/org_event/events/46428/clubs/5740
Central States NPL,46428,Missouri Rush,https://system.gotsport.com/org_event/events/46428/clubs/7803
Central States NPL,46428,Union KC Soccer Club,https://system.gotsport.com/org_event/events/46428/clubs/5723
Central States NPL,46428,Vision Soccer Academy,https://system.gotsport.com/org_event/events/46428/clubs/7872
South Atlantic Premier,51028,All In Futbol Club Tennessee,https://system.gotsport.com/org_event/events/51028/clubs/13838
South Atlantic Premier,51028,Armada Futbol Club,https://system.gotsport.com/org_event/events/51028/clubs/13840
South Atlantic Premier,51028,Barca Academy Carolinas,https://system.gotsport.com/org_event/events/51028/clubs/12690
South Atlantic Premier,51028,Carolina Football Club,https://system.gotsport.com/org_event/events/51028/clubs/29790
South Atlantic Premier,51028,Carolina Velocity FC,https://system.gotsport.com/org_event/events/51028/clubs/12693
South Atlantic Premier,51028,Charlotte Development Academy,https://system.gotsport.com/org_event/events/51028/clubs/12711
South Atlantic Premier,51028,Charlotte Eagles Soccer Club,https://system.gotsport.com/org_event/events/51028/clubs/12694
South Atlantic Premier,51028,Charlotte Independence SC,https://system.gotsport.com/org_event/events/51028/clubs/3659
South Atlantic Premier,51028,Charlotte Metro FC,https://system.gotsport.com/org_event/events/51028/clubs/12698
South Atlantic Premier,51028,Charlotte Soccer Academy,https://system.gotsport.com/org_event/events/51028/clubs/1071
South Atlantic Premier,51028,Clemson Anderson SA,https://system.gotsport.com/org_event/events/51028/clubs/10494
South Atlantic Premier,51028,Clover Elite,https://system.gotsport.com/org_event/events/51028/clubs/12712
South Atlantic Premier,51028,Fayetteville SC / Villarreal Force Academy,https://system.gotsport.com/org_event/events/51028/clubs/18621
South Atlantic Premier,51028,FC Alliance TN,https://system.gotsport.com/org_event/events/51028/clubs/10500
South Atlantic Premier,51028,FC ATHLETICO,https://system.gotsport.com/org_event/events/51028/clubs/12692
South Atlantic Premier,51028,Fox Soccer Academy of the Carolinas,https://system.gotsport.com/org_event/events/51028/clubs/29599
South Atlantic Premier,51028,Kings Hammer Soccer Club,https://system.gotsport.com/org_event/events/51028/clubs/7714
South Atlantic Premier,51028,Liverpool FC International Academy Carolinas,https://system.gotsport.com/org_event/events/51028/clubs/31421
South Atlantic Premier,51028,NCFC Youth,https://system.gotsport.com/org_event/events/51028/clubs/13797
South Atlantic Premier,51028,Neuse River Futbol Alliance,https://system.gotsport.com/org_event/events/51028/clubs/34228
South Atlantic Premier,51028,North Alabama SC,https://system.gotsport.com/org_event/events/51028/clubs/4167
South Atlantic Premier,51028,North Georgia Soccer Academy,https://system.gotsport.com/org_event/events/51028/clubs/9049
South Atlantic Premier,51028,One Knoxville Youth Club,https://system.gotsport.com/org_event/events/51028/clubs/28030
South Atlantic Premier,51028,Queen City Mutiny,https://system.gotsport.com/org_event/events/51028/clubs/12696
South Atlantic Premier,51028,Rush Union Soccer,https://system.gotsport.com/org_event/events/51028/clubs/10497
South Atlantic Premier,51028,South Carolina Surf SC,https://system.gotsport.com/org_event/events/51028/clubs/10380
South Atlantic Premier,51028,Southern Soccer Academy,https://system.gotsport.com/org_event/events/51028/clubs/9167
South Atlantic Premier,51028,Sporting Charlotte Football Club,https://system.gotsport.com/org_event/events/51028/clubs/27255
South Atlantic Premier,51028,Tennessee SC,https://system.gotsport.com/org_event/events/51028/clubs/7796
South Atlantic Premier,51028,Tennessee United SC,https://system.gotsport.com/org_event/events/51028/clubs/7931
South Atlantic Premier,51028,TN Tempo FC Academy,https://system.gotsport.com/org_event/events/51028/clubs/14140
South Atlantic Premier,51028,United Futbol Academy,https://system.gotsport.com/org_event/events/51028/clubs/10499
South Atlantic Premier,51028,United Nations FC,https://system.gotsport.com/org_event/events/51028/clubs/25705
South Atlantic Premier,51028,Wake FC,https://system.gotsport.com/org_event/events/51028/clubs/4249
Frontier Premier League,50988,Alliance Futbol Club (MO),https://system.gotsport.com/org_event/events/50988/clubs/8193
Frontier Premier League,50988,Arkansas Comets FC,https://system.gotsport.com/org_event/events/50988/clubs/7386
Frontier Premier League,50988,Broken Arrow Soccer Club,https://system.gotsport.com/org_event/events/50988/clubs/5978
Frontier Premier League,50988,FC Tulsa Academy,https://system.gotsport.com/org_event/events/50988/clubs/7339
Frontier Premier League,50988,FC Wichita,https://system.gotsport.com/org_event/events/50988/clubs/5716
Frontier Premier League,50988,Kernow Storm FC,https://system.gotsport.com/org_event/events/50988/clubs/7672
Frontier Premier League,50988,NE Oklahoma FC,https://system.gotsport.com/org_event/events/50988/clubs/6368
Frontier Premier League,50988,South Lakes SC,https://system.gotsport.com/org_event/events/50988/clubs/5143
Frontier Premier League,50988,Southwest MO Rush,https://system.gotsport.com/org_event/events/50988/clubs/10760
Frontier Premier League,50988,Steel United Texas,https://system.gotsport.com/org_event/events/50988/clubs/11254
Frontier Premier League,50988,Tulsa Sheffield United SC,https://system.gotsport.com/org_event/events/50988/clubs/6371
Frontier Premier League,50988,Tulsa Soccer Club,https://system.gotsport.com/org_event/events/50988/clubs/6372
Frontier Premier League,50988,Union SC,https://system.gotsport.com/org_event/events/50988/clubs/6059
Frontier Premier League,50988,West Side Alliance SC,https://system.gotsport.com/org_event/events/50988/clubs/5142
Red River NPL,45381,Amarillo Rush SC,https://system.gotsport.com/org_event/events/45381/clubs/9406
Red River NPL,45381,Americas Futbol Club,https://system.gotsport.com/org_event/events/45381/clubs/11268
Red River NPL,45381,Atletico Dallas Youth,https://system.gotsport.com/org_event/events/45381/clubs/4067
Red River NPL,45381,Aztecas Futbol Club,https://system.gotsport.com/org_event/events/45381/clubs/11184
Red River NPL,45381,Cabosa Shreveport United,https://system.gotsport.com/org_event/events/45381/clubs/5775
Red River NPL,45381,Capital City Soccer OKC,https://system.gotsport.com/org_event/events/45381/clubs/34753
Red River NPL,45381,Corinthians FC of San Antonio,https://system.gotsport.com/org_event/events/45381/clubs/13847
Red River NPL,45381,Coyotes FC Academy,https://system.gotsport.com/org_event/events/45381/clubs/33623
Red River NPL,45381,Cumbre Alta Soccer Bossier City,https://system.gotsport.com/org_event/events/45381/clubs/29646
Red River NPL,45381,Dallas Hornets,https://system.gotsport.com/org_event/events/45381/clubs/31834
Red River NPL,45381,Dallas Texans,https://system.gotsport.com/org_event/events/45381/clubs/460
Red River NPL,45381,Diversity FC,https://system.gotsport.com/org_event/events/45381/clubs/18991
Red River NPL,45381,DKSC,https://system.gotsport.com/org_event/events/45381/clubs/3719
Red River NPL,45381,Dutch FC,https://system.gotsport.com/org_event/events/45381/clubs/12101
Red River NPL,45381,East Texas United SC,https://system.gotsport.com/org_event/events/45381/clubs/12111
Red River NPL,45381,Elite Premier FC,https://system.gotsport.com/org_event/events/45381/clubs/25631
Red River NPL,45381,ETX Elitefc13,https://system.gotsport.com/org_event/events/45381/clubs/31828
Red River NPL,45381,Falls Town FC,https://system.gotsport.com/org_event/events/45381/clubs/8958
Red River NPL,45381,FC Allen,https://system.gotsport.com/org_event/events/45381/clubs/24342
Red River NPL,45381,FC Dallas ETX,https://system.gotsport.com/org_event/events/45381/clubs/4058
Red River NPL,45381,Fever United,https://system.gotsport.com/org_event/events/45381/clubs/4053
Red River NPL,45381,Fort Worth All Stars FC,https://system.gotsport.com/org_event/events/45381/clubs/11281
Red River NPL,45381,Independent Teams - NTX,https://system.gotsport.com/org_event/events/45381/clubs/4050
Red River NPL,45381,Inter Nova FC,https://system.gotsport.com/org_event/events/45381/clubs/13418
Red River NPL,45381,ISW Academy,https://system.gotsport.com/org_event/events/45381/clubs/31636
Red River NPL,45381,Juventus Premier  FC,https://system.gotsport.com/org_event/events/45381/clubs/11275
Red River NPL,45381,Juventus Premier Futbol Club,https://system.gotsport.com/org_event/events/45381/clubs/12236
Red River NPL,45381,Kernow Storm FC,https://system.gotsport.com/org_event/events/45381/clubs/7672
Red River NPL,45381,Liverpool FC Texas,https://system.gotsport.com/org_event/events/45381/clubs/29565
Red River NPL,45381,Lubbock Knights,https://system.gotsport.com/org_event/events/45381/clubs/27323
Red River NPL,45381,Mind & Power Academy,https://system.gotsport.com/org_event/events/45381/clubs/34756
Red River NPL,45381,North Dallas FC,https://system.gotsport.com/org_event/events/45381/clubs/25795
Red River NPL,45381,North Texas Storm Athletic Academy,https://system.gotsport.com/org_event/events/45381/clubs/34806
Red River NPL,45381,NTX Celtic FC,https://system.gotsport.com/org_event/events/45381/clubs/3678
Red River NPL,45381,Revolution FC,https://system.gotsport.com/org_event/events/45381/clubs/11247
Red River NPL,45381,Royal Peak FC,https://system.gotsport.com/org_event/events/45381/clubs/12212
Red River NPL,45381,Solar SC,https://system.gotsport.com/org_event/events/45381/clubs/3729
Red River NPL,45381,Steel United Texas,https://system.gotsport.com/org_event/events/45381/clubs/11254
Red River NPL,45381,Sting Soccer Club,https://system.gotsport.com/org_event/events/45381/clubs/4763
Red River NPL,45381,Texas Spurs,https://system.gotsport.com/org_event/events/45381/clubs/10588
Red River NPL,45381,Tyler FC,https://system.gotsport.com/org_event/events/45381/clubs/13411
Red River NPL,45381,Villarreal NTX,https://system.gotsport.com/org_event/events/45381/clubs/11280
Red River NPL,45381,World Sport FC,https://system.gotsport.com/org_event/events/45381/clubs/34072
Red River NPL,45381,Youth Soccer Development Academy,https://system.gotsport.com/org_event/events/45381/clubs/4059
Mountain West NPL,44839,7 Elite Academy,https://system.gotsport.com/org_event/events/44839/clubs/18591
Mountain West NPL,44839,Black Hills Rapids SC,https://system.gotsport.com/org_event/events/44839/clubs/8331
Mountain West NPL,44839,Blue Knights SC,https://system.gotsport.com/org_event/events/44839/clubs/19048
Mountain West NPL,44839,Broomfield Soccer Club,https://system.gotsport.com/org_event/events/44839/clubs/5640
Mountain West NPL,44839,BVB IA Las Vegas,https://system.gotsport.com/org_event/events/44839/clubs/33908
Mountain West NPL,44839,Cheyenne Soccer Club,https://system.gotsport.com/org_event/events/44839/clubs/5335
Mountain West NPL,44839,Chivas Denver Soccer Academy,https://system.gotsport.com/org_event/events/44839/clubs/5644
Mountain West NPL,44839,Club X Academy,https://system.gotsport.com/org_event/events/44839/clubs/31477
Mountain West NPL,44839,CO Elevation FC,https://system.gotsport.com/org_event/events/44839/clubs/8302
Mountain West NPL,44839,Colorado Rapids Youth Soccer Club,https://system.gotsport.com/org_event/events/44839/clubs/4
Mountain West NPL,44839,Colorado Rush,https://system.gotsport.com/org_event/events/44839/clubs/421
Mountain West NPL,44839,Denver Kickers Sport Club,https://system.gotsport.com/org_event/events/44839/clubs/5659
Mountain West NPL,44839,Flatirons Rush,https://system.gotsport.com/org_event/events/44839/clubs/26065
Mountain West NPL,44839,Grand Junction SC,https://system.gotsport.com/org_event/events/44839/clubs/5668
Mountain West NPL,44839,Gremio FC Utah,https://system.gotsport.com/org_event/events/44839/clubs/34290
Mountain West NPL,44839,Idaho Inferno Soccer Club,https://system.gotsport.com/org_event/events/44839/clubs/3492
Mountain West NPL,44839,Idaho Storm,https://system.gotsport.com/org_event/events/44839/clubs/3466
Mountain West NPL,44839,Idaho Surf SC,https://system.gotsport.com/org_event/events/44839/clubs/9098
Mountain West NPL,44839,Junior Premier League USA,https://system.gotsport.com/org_event/events/44839/clubs/26940
Mountain West NPL,44839,Liverpool FC International Academy Colorado,https://system.gotsport.com/org_event/events/44839/clubs/34949
Mountain West NPL,44839,Missoula Surf,https://system.gotsport.com/org_event/events/44839/clubs/13787
Mountain West NPL,44839,Montana Surf,https://system.gotsport.com/org_event/events/44839/clubs/5875
Mountain West NPL,44839,Nevada Rush,https://system.gotsport.com/org_event/events/44839/clubs/8324
Mountain West NPL,44839,Pride SC,https://system.gotsport.com/org_event/events/44839/clubs/5678
Mountain West NPL,44839,PRIME Soccer Club,https://system.gotsport.com/org_event/events/44839/clubs/5956
Mountain West NPL,44839,Saratoga Springs FC,https://system.gotsport.com/org_event/events/44839/clubs/22994
Mountain West NPL,44839,Sporting Nevada USA Magnifico,https://system.gotsport.com/org_event/events/44839/clubs/33055
Mountain West NPL,44839,SWAT Soccer,https://system.gotsport.com/org_event/events/44839/clubs/22571
Mountain West NPL,44839,Utah Athletic Academy,https://system.gotsport.com/org_event/events/44839/clubs/33614
Mountain West NPL,44839,Vail Valley SC,https://system.gotsport.com/org_event/events/44839/clubs/5698
Mountain West NPL,44839,Villarreal Idaho Academy,https://system.gotsport.com/org_event/events/44839/clubs/34110
Mountain West NPL,44839,Villarreal Las Vegas Academy,https://system.gotsport.com/org_event/events/44839/clubs/13821
VPSL NPL (Virginia),50339,Ashland Youth SL,https://system.gotsport.com/org_event/events/50339/clubs/22610
VPSL NPL (Virginia),50339,AYSO Region 1475,https://system.gotsport.com/org_event/events/50339/clubs/22611
VPSL NPL (Virginia),50339,Baystars,https://system.gotsport.com/org_event/events/50339/clubs/22613
VPSL NPL (Virginia),50339,Beach FC,https://system.gotsport.com/org_event/events/50339/clubs/3748
VPSL NPL (Virginia),50339,Charlottesville Alliance Sports Club,https://system.gotsport.com/org_event/events/50339/clubs/25701
VPSL NPL (Virginia),50339,Chesapeake Ninjas Soccer Club,https://system.gotsport.com/org_event/events/50339/clubs/34209
VPSL NPL (Virginia),50339,Chesapeake SC,https://system.gotsport.com/org_event/events/50339/clubs/25495
VPSL NPL (Virginia),50339,Chesapeake United SC,https://system.gotsport.com/org_event/events/50339/clubs/25564
VPSL NPL (Virginia),50339,Colonial Heights SA,https://system.gotsport.com/org_event/events/50339/clubs/22629
VPSL NPL (Virginia),50339,CVille United FC,https://system.gotsport.com/org_event/events/50339/clubs/22666
VPSL NPL (Virginia),50339,Dynamo Soccer Club,https://system.gotsport.com/org_event/events/50339/clubs/25497
VPSL NPL (Virginia),50339,FC Richmond,https://system.gotsport.com/org_event/events/50339/clubs/19337
VPSL NPL (Virginia),50339,Fury FC (Powhatan SA),https://system.gotsport.com/org_event/events/50339/clubs/19715
VPSL NPL (Virginia),50339,Golden Ball Soccer Academy,https://system.gotsport.com/org_event/events/50339/clubs/3722
VPSL NPL (Virginia),50339,Inter Virginia FC,https://system.gotsport.com/org_event/events/50339/clubs/27451
VPSL NPL (Virginia),50339,"OBX Storm, Inc",https://system.gotsport.com/org_event/events/50339/clubs/23520
VPSL NPL (Virginia),50339,Old Dominion Soccer Club (ODSC),https://system.gotsport.com/org_event/events/50339/clubs/22657
VPSL NPL (Virginia),50339,Rapid Fire FC,https://system.gotsport.com/org_event/events/50339/clubs/34021
VPSL NPL (Virginia),50339,Richmond United,https://system.gotsport.com/org_event/events/50339/clubs/33304
VPSL NPL (Virginia),50339,Rush Academy Peninsula,https://system.gotsport.com/org_event/events/50339/clubs/31189
VPSL NPL (Virginia),50339,Smithfield Soccer Club,https://system.gotsport.com/org_event/events/50339/clubs/22641
VPSL NPL (Virginia),50339,Steel United Virginia,https://system.gotsport.com/org_event/events/50339/clubs/22636
VPSL NPL (Virginia),50339,Suffolk FC,https://system.gotsport.com/org_event/events/50339/clubs/20250
VPSL NPL (Virginia),50339,Tidewater Sharks,https://system.gotsport.com/org_event/events/50339/clubs/13459
VPSL NPL (Virginia),50339,VA Rush Soccer Club,https://system.gotsport.com/org_event/events/50339/clubs/3749
VPSL NPL (Virginia),50339,VIP United FC,https://system.gotsport.com/org_event/events/50339/clubs/22634
VPSL NPL (Virginia),50339,Virginia Beach City FC,https://system.gotsport.com/org_event/events/50339/clubs/7964
VPSL NPL (Virginia),50339,Virginia Legacy SC,https://system.gotsport.com/org_event/events/50339/clubs/3756
VPSL NPL (Virginia),50339,Virginia Reign,https://system.gotsport.com/org_event/events/50339/clubs/25700
VPSL NPL (Virginia),50339,Western Branch Soccer Club,https://system.gotsport.com/org_event/events/50339/clubs/22619
VPSL NPL (Virginia),50339,Xtreme SC,https://system.gotsport.com/org_event/events/50339/clubs/25498
Minnesota NPL,47013,Boreal FC,https://system.gotsport.com/org_event/events/47013/clubs/7756
Minnesota NPL,47013,BV UNITED,https://system.gotsport.com/org_event/events/47013/clubs/4162
Minnesota NPL,47013,CC United Soccer Club,https://system.gotsport.com/org_event/events/47013/clubs/4164
Minnesota NPL,47013,Centennial Soccer Club,https://system.gotsport.com/org_event/events/47013/clubs/5067
Minnesota NPL,47013,East Ridge Soccer Club,https://system.gotsport.com/org_event/events/47013/clubs/4159
Minnesota NPL,47013,Edina Soccer Club,https://system.gotsport.com/org_event/events/47013/clubs/4143
Minnesota NPL,47013,EPSC,https://system.gotsport.com/org_event/events/47013/clubs/13431
Minnesota NPL,47013,Fusion Soccer Club,https://system.gotsport.com/org_event/events/47013/clubs/7752
Minnesota NPL,47013,Joy of the People,https://system.gotsport.com/org_event/events/47013/clubs/14080
Minnesota NPL,47013,Keliix-Intra Soccer Club,https://system.gotsport.com/org_event/events/47013/clubs/13438
Minnesota NPL,47013,Kickers FC,https://system.gotsport.com/org_event/events/47013/clubs/4163
Minnesota NPL,47013,Lakeville Soccer Club,https://system.gotsport.com/org_event/events/47013/clubs/13437
Minnesota NPL,47013,Legacy FC,https://system.gotsport.com/org_event/events/47013/clubs/13813
Minnesota NPL,47013,MapleBrook SC,https://system.gotsport.com/org_event/events/47013/clubs/14062
Minnesota NPL,47013,Minneapolis United,https://system.gotsport.com/org_event/events/47013/clubs/7985
Minnesota NPL,47013,Minnesota Rush,https://system.gotsport.com/org_event/events/47013/clubs/4139
Minnesota NPL,47013,MN Thunder Academy,https://system.gotsport.com/org_event/events/47013/clubs/4158
Minnesota NPL,47013,North Star FC,https://system.gotsport.com/org_event/events/47013/clubs/14079
Minnesota NPL,47013,North Suburban SA,https://system.gotsport.com/org_event/events/47013/clubs/4144
Minnesota NPL,47013,North United SC,https://system.gotsport.com/org_event/events/47013/clubs/14063
Minnesota NPL,47013,Orono Westonka Soccer Club,https://system.gotsport.com/org_event/events/47013/clubs/4146
Minnesota NPL,47013,Park Valley United FC,https://system.gotsport.com/org_event/events/47013/clubs/4149
Minnesota NPL,47013,Prior Lake SC,https://system.gotsport.com/org_event/events/47013/clubs/4147
Minnesota NPL,47013,Salvo SC,https://system.gotsport.com/org_event/events/47013/clubs/4155
Minnesota NPL,47013,Shakopee SA,https://system.gotsport.com/org_event/events/47013/clubs/4150
Minnesota NPL,47013,Southeast Soccer Club,https://system.gotsport.com/org_event/events/47013/clubs/13441
Minnesota NPL,47013,St. Croix,https://system.gotsport.com/org_event/events/47013/clubs/4148
Minnesota NPL,47013,St. Paul Blackhawks,https://system.gotsport.com/org_event/events/47013/clubs/4138
Minnesota NPL,47013,Tonka United SA,https://system.gotsport.com/org_event/events/47013/clubs/4137
Minnesota NPL,47013,Tri-City United,https://system.gotsport.com/org_event/events/47013/clubs/7062
Minnesota NPL,47013,Twin Cities Fire Soccer Club,https://system.gotsport.com/org_event/events/47013/clubs/4136
Minnesota NPL,47013,United FC Rush,https://system.gotsport.com/org_event/events/47013/clubs/13434
Minnesota NPL,47013,Wave SC,https://system.gotsport.com/org_event/events/47013/clubs/4142
Minnesota NPL,47013,Western Wisconsin Soccer,https://system.gotsport.com/org_event/events/47013/clubs/7824
NISL NPL (Chicago),49634,Academia de Futbol Atlas FC Chicago,https://system.gotsport.com/org_event/events/49634/clubs/34962
NISL NPL (Chicago),49634,Ajax FC Naperville,https://system.gotsport.com/org_event/events/49634/clubs/19298
NISL NPL (Chicago),49634,Aurora Juventud Futbol Club,https://system.gotsport.com/org_event/events/49634/clubs/5192
NISL NPL (Chicago),49634,Barca Academy Chicago,https://system.gotsport.com/org_event/events/49634/clubs/8713
NISL NPL (Chicago),49634,Berber City FC,https://system.gotsport.com/org_event/events/49634/clubs/18720
NISL NPL (Chicago),49634,BLFC,https://system.gotsport.com/org_event/events/49634/clubs/26236
NISL NPL (Chicago),49634,Carol Stream Panthers SC,https://system.gotsport.com/org_event/events/49634/clubs/5204
NISL NPL (Chicago),49634,Chicago Arsenal Soccer Club,https://system.gotsport.com/org_event/events/49634/clubs/5207
NISL NPL (Chicago),49634,Chicago Blast,https://system.gotsport.com/org_event/events/49634/clubs/5208
NISL NPL (Chicago),49634,Chicago City Soccer Club,https://system.gotsport.com/org_event/events/49634/clubs/5130
NISL NPL (Chicago),49634,Chicago Dynasty FC,https://system.gotsport.com/org_event/events/49634/clubs/5211
NISL NPL (Chicago),49634,Chicago Edge SC,https://system.gotsport.com/org_event/events/49634/clubs/5212
NISL NPL (Chicago),49634,Chicago Empire FC,https://system.gotsport.com/org_event/events/49634/clubs/5213
NISL NPL (Chicago),49634,Chicago Fire Youth SC (CFYSC),https://system.gotsport.com/org_event/events/49634/clubs/5214
NISL NPL (Chicago),49634,Chicago Futbol Alliance (CFA),https://system.gotsport.com/org_event/events/49634/clubs/5266
NISL NPL (Chicago),49634,Chicago House Athletic Club,https://system.gotsport.com/org_event/events/49634/clubs/25667
NISL NPL (Chicago),49634,Chicago Inferno,https://system.gotsport.com/org_event/events/49634/clubs/5219
NISL NPL (Chicago),49634,Chicago Legion FC,https://system.gotsport.com/org_event/events/49634/clubs/12449
NISL NPL (Chicago),49634,Chicago Phoenix,https://system.gotsport.com/org_event/events/49634/clubs/30766
NISL NPL (Chicago),49634,Chicago Rush Soccer Club,https://system.gotsport.com/org_event/events/49634/clubs/5224
NISL NPL (Chicago),49634,Chicago Soccer Academy (CSA),https://system.gotsport.com/org_event/events/49634/clubs/5225
NISL NPL (Chicago),49634,Club Puebla FC Chicago,https://system.gotsport.com/org_event/events/49634/clubs/5227
NISL NPL (Chicago),49634,Crystal Lake Soccer Federation,https://system.gotsport.com/org_event/events/49634/clubs/5179
NISL NPL (Chicago),49634,Deportivo 59 FC,https://system.gotsport.com/org_event/events/49634/clubs/5231
NISL NPL (Chicago),49634,Eclipse Select Soccer Club,https://system.gotsport.com/org_event/events/49634/clubs/5237
NISL NPL (Chicago),49634,Elite SC,https://system.gotsport.com/org_event/events/49634/clubs/5239
NISL NPL (Chicago),49634,Elmhurst City Surf,https://system.gotsport.com/org_event/events/49634/clubs/5240
NISL NPL (Chicago),49634,EP Mustangs United FC,https://system.gotsport.com/org_event/events/49634/clubs/35418
NISL NPL (Chicago),49634,Evolution SC,https://system.gotsport.com/org_event/events/49634/clubs/7848
NISL NPL (Chicago),49634,FC Barrington,https://system.gotsport.com/org_event/events/49634/clubs/7849
NISL NPL (Chicago),49634,FC Mayas,https://system.gotsport.com/org_event/events/49634/clubs/5246
NISL NPL (Chicago),49634,FC Mirage,https://system.gotsport.com/org_event/events/49634/clubs/26462
NISL NPL (Chicago),49634,FC Stars (IL),https://system.gotsport.com/org_event/events/49634/clubs/5245
NISL NPL (Chicago),49634,FC Tryzub Academy,https://system.gotsport.com/org_event/events/49634/clubs/33503
NISL NPL (Chicago),49634,FC United Soccer Club,https://system.gotsport.com/org_event/events/49634/clubs/5249
NISL NPL (Chicago),49634,Firebirds SC,https://system.gotsport.com/org_event/events/49634/clubs/10040
NISL NPL (Chicago),49634,Forge SC,https://system.gotsport.com/org_event/events/49634/clubs/36735
NISL NPL (Chicago),49634,Galaxy SC,https://system.gotsport.com/org_event/events/49634/clubs/5253
NISL NPL (Chicago),49634,Gio's Lions SC,https://system.gotsport.com/org_event/events/49634/clubs/5223
NISL NPL (Chicago),49634,Gladiators FC,https://system.gotsport.com/org_event/events/49634/clubs/12448
NISL NPL (Chicago),49634,Glen Ellyn Lakers,https://system.gotsport.com/org_event/events/49634/clubs/20161
NISL NPL (Chicago),49634,Goros FC Soccer Club,https://system.gotsport.com/org_event/events/49634/clubs/33388
NISL NPL (Chicago),49634,Grand Futbol Club Mustangs,https://system.gotsport.com/org_event/events/49634/clubs/12404
NISL NPL (Chicago),49634,Greater Libertyville Soccer Association,https://system.gotsport.com/org_event/events/49634/clubs/8165
NISL NPL (Chicago),49634,Gremio Futbol Club Chicago,https://system.gotsport.com/org_event/events/49634/clubs/5256
NISL NPL (Chicago),49634,HDS Eagles Academy,https://system.gotsport.com/org_event/events/49634/clubs/5257
NISL NPL (Chicago),49634,Heart of The City,https://system.gotsport.com/org_event/events/49634/clubs/14068
NISL NPL (Chicago),49634,Hussars United,https://system.gotsport.com/org_event/events/49634/clubs/26631
NISL NPL (Chicago),49634,Illinois Magic FC,https://system.gotsport.com/org_event/events/49634/clubs/9973
NISL NPL (Chicago),49634,Indiana Elite F.C.,https://system.gotsport.com/org_event/events/49634/clubs/5263
NISL NPL (Chicago),49634,Inter AC,https://system.gotsport.com/org_event/events/49634/clubs/5264
NISL NPL (Chicago),49634,IPROSKILLS,https://system.gotsport.com/org_event/events/49634/clubs/5265
NISL NPL (Chicago),49634,Jake's Stars F.C.,https://system.gotsport.com/org_event/events/49634/clubs/31444
NISL NPL (Chicago),49634,Lagrange Celtics,https://system.gotsport.com/org_event/events/49634/clubs/5272
NISL NPL (Chicago),49634,Lindenhurst Area Soccer Club,https://system.gotsport.com/org_event/events/49634/clubs/23660
NISL NPL (Chicago),49634,Midwest United FC Chicago,https://system.gotsport.com/org_event/events/49634/clubs/9415
NISL NPL (Chicago),49634,MUNDELEIN LIONS SC,https://system.gotsport.com/org_event/events/49634/clubs/27238
NISL NPL (Chicago),49634,North Shore FC,https://system.gotsport.com/org_event/events/49634/clubs/19429
NISL NPL (Chicago),49634,NSA,https://system.gotsport.com/org_event/events/49634/clubs/5202
NISL NPL (Chicago),49634,OPRF Alliance,https://system.gotsport.com/org_event/events/49634/clubs/32079
NISL NPL (Chicago),49634,Orland Park Sting FC,https://system.gotsport.com/org_event/events/49634/clubs/5284
NISL NPL (Chicago),49634,Palatine Celtic SC,https://system.gotsport.com/org_event/events/49634/clubs/5285
NISL NPL (Chicago),49634,Park Ridge SC,https://system.gotsport.com/org_event/events/49634/clubs/24237
NISL NPL (Chicago),49634,Pegasus FC,https://system.gotsport.com/org_event/events/49634/clubs/7858
NISL NPL (Chicago),49634,Plainfield United Soccer Club,https://system.gotsport.com/org_event/events/49634/clubs/35533
NISL NPL (Chicago),49634,POWER F.C.,https://system.gotsport.com/org_event/events/49634/clubs/5269
NISL NPL (Chicago),49634,PSG Academy Chicago,https://system.gotsport.com/org_event/events/49634/clubs/24240
NISL NPL (Chicago),49634,Raiders FC,https://system.gotsport.com/org_event/events/49634/clubs/7859
NISL NPL (Chicago),49634,Rayados Soccer Academy,https://system.gotsport.com/org_event/events/49634/clubs/12443
NISL NPL (Chicago),49634,Roadrunners SC,https://system.gotsport.com/org_event/events/49634/clubs/5291
NISL NPL (Chicago),49634,Roma F.C.,https://system.gotsport.com/org_event/events/49634/clubs/5295
NISL NPL (Chicago),49634,SC Hammers,https://system.gotsport.com/org_event/events/49634/clubs/26229
NISL NPL (Chicago),49634,Schwaben A.C.,https://system.gotsport.com/org_event/events/49634/clubs/5296
NISL NPL (Chicago),49634,Sockers FC,https://system.gotsport.com/org_event/events/49634/clubs/5129
NISL NPL (Chicago),49634,South Suburban,https://system.gotsport.com/org_event/events/49634/clubs/5301
NISL NPL (Chicago),49634,Strikers Fox Valley,https://system.gotsport.com/org_event/events/49634/clubs/5304
NISL NPL (Chicago),49634,Team Elmhurst SC,https://system.gotsport.com/org_event/events/49634/clubs/7864
NISL NPL (Chicago),49634,Trebol F.C.,https://system.gotsport.com/org_event/events/49634/clubs/24029
NISL NPL (Chicago),49634,TST,https://system.gotsport.com/org_event/events/49634/clubs/26230
NISL NPL (Chicago),49634,Wheaton United SC,https://system.gotsport.com/org_event/events/49634/clubs/5315
NISL NPL (Chicago),49634,Wilmette Wings SC,https://system.gotsport.com/org_event/events/49634/clubs/7866
NISL NPL (Chicago),49634,Windy City FC,https://system.gotsport.com/org_event/events/49634/clubs/19073
CPSL NPL (Chesapeake),52692,Academia de Glen Burnie Soccer Club,https://system.gotsport.com/org_event/events/52692/clubs/19022
CPSL NPL (Chesapeake),52692,Brit-Am Soccer Academy,https://system.gotsport.com/org_event/events/52692/clubs/29521
CPSL NPL (Chesapeake),52692,Bury City FC,https://system.gotsport.com/org_event/events/52692/clubs/4991
CPSL NPL (Chesapeake),52692,Cecil Soccer League,https://system.gotsport.com/org_event/events/52692/clubs/5041
CPSL NPL (Chesapeake),52692,Cheverly Soccer Club,https://system.gotsport.com/org_event/events/52692/clubs/27330
CPSL NPL (Chesapeake),52692,City SC Frederick,https://system.gotsport.com/org_event/events/52692/clubs/12436
CPSL NPL (Chesapeake),52692,DC Soccer Club,https://system.gotsport.com/org_event/events/52692/clubs/5000
CPSL NPL (Chesapeake),52692,DC Soccer Federation,https://system.gotsport.com/org_event/events/52692/clubs/30810
CPSL NPL (Chesapeake),52692,FC Ellicott City,https://system.gotsport.com/org_event/events/52692/clubs/4941
CPSL NPL (Chesapeake),52692,Potomac Soccer Association,https://system.gotsport.com/org_event/events/52692/clubs/4985
CPSL NPL (Chesapeake),52692,Project 90 Training,https://system.gotsport.com/org_event/events/52692/clubs/34061
CPSL NPL (Chesapeake),52692,Rockville Soccer Club,https://system.gotsport.com/org_event/events/52692/clubs/4989
CPSL NPL (Chesapeake),43268,Annapolis Select Futbol Club,https://system.gotsport.com/org_event/events/43268/clubs/27082
CPSL NPL (Chesapeake),43268,Baltimore Celtic Soccer Club,https://system.gotsport.com/org_event/events/43268/clubs/3708
CPSL NPL (Chesapeake),43268,Dribbling United Soccer Club,https://system.gotsport.com/org_event/events/43268/clubs/29590
CPSL NPL (Chesapeake),43268,Elite Football Club,https://system.gotsport.com/org_event/events/43268/clubs/19540
CPSL NPL (Chesapeake),43268,FC USA Soccer Club,https://system.gotsport.com/org_event/events/43268/clubs/4944
CPSL NPL (Chesapeake),43268,Global Education Sports Partners (GESP),https://system.gotsport.com/org_event/events/43268/clubs/30242
CPSL NPL (Chesapeake),43268,LM Football Club,https://system.gotsport.com/org_event/events/43268/clubs/31380
CPSL NPL (Chesapeake),43268,Lutherville Timonium Soccer Club,https://system.gotsport.com/org_event/events/43268/clubs/4963
CPSL NPL (Chesapeake),43268,Maryland Rush,https://system.gotsport.com/org_event/events/43268/clubs/5047
CPSL NPL (Chesapeake),43268,Maryland United Football Club,https://system.gotsport.com/org_event/events/43268/clubs/4968
CPSL NPL (Chesapeake),43268,"Mount Washington Soccer Club, Inc.",https://system.gotsport.com/org_event/events/43268/clubs/25743
CPSL NPL (Chesapeake),43268,Old Line Football Club,https://system.gotsport.com/org_event/events/43268/clubs/4979
CPSL NPL (Chesapeake),43268,Olney Boys and Girls Club Community Sports Association,https://system.gotsport.com/org_event/events/43268/clubs/4980
CPSL NPL (Chesapeake),43268,Prospect FC,https://system.gotsport.com/org_event/events/43268/clubs/35553
CPSL NPL (Chesapeake),43268,The Player Progression Academy,https://system.gotsport.com/org_event/events/43268/clubs/5004
CPSL NPL (Chesapeake),43268,Top Level Futbol,https://system.gotsport.com/org_event/events/43268/clubs/29673
CPSL NPL (Chesapeake),43268,Village Club Football,https://system.gotsport.com/org_event/events/43268/clubs/32865
Mid-Atlantic Premier,45036,Brentwood SC (LIJSL),https://system.gotsport.com/org_event/events/45036/clubs/9111
Mid-Atlantic Premier,45036,Cherry Hill FC,https://system.gotsport.com/org_event/events/45036/clubs/8047
Mid-Atlantic Premier,45036,Cohansey SC,https://system.gotsport.com/org_event/events/45036/clubs/11330
Mid-Atlantic Premier,45036,Community SC,https://system.gotsport.com/org_event/events/45036/clubs/10379
Mid-Atlantic Premier,45036,Complete Athlete Training,https://system.gotsport.com/org_event/events/45036/clubs/25542
Mid-Atlantic Premier,45036,Den of Lions,https://system.gotsport.com/org_event/events/45036/clubs/8046
Mid-Atlantic Premier,45036,East Coast Surf,https://system.gotsport.com/org_event/events/45036/clubs/8524
Mid-Atlantic Premier,45036,East Hanover Soccer Club,https://system.gotsport.com/org_event/events/45036/clubs/18629
Mid-Atlantic Premier,45036,Empire State Youth Soccer Club,https://system.gotsport.com/org_event/events/45036/clubs/4327
Mid-Atlantic Premier,45036,FC Dutchmen,https://system.gotsport.com/org_event/events/45036/clubs/7220
Mid-Atlantic Premier,45036,FC Europa,https://system.gotsport.com/org_event/events/45036/clubs/4668
Mid-Atlantic Premier,45036,FC Neshanic,https://system.gotsport.com/org_event/events/45036/clubs/18943
Mid-Atlantic Premier,45036,FMFooty,https://system.gotsport.com/org_event/events/45036/clubs/27913
Mid-Atlantic Premier,45036,Fox Soccer Academy Premier,https://system.gotsport.com/org_event/events/45036/clubs/8541
Mid-Atlantic Premier,45036,Franklin Township SC,https://system.gotsport.com/org_event/events/45036/clubs/8421
Mid-Atlantic Premier,45036,Giuseppe Rossi Academy,https://system.gotsport.com/org_event/events/45036/clubs/35550
Mid-Atlantic Premier,45036,Hulmeville SC,https://system.gotsport.com/org_event/events/45036/clubs/4534
Mid-Atlantic Premier,45036,Huntingdon Valley AA,https://system.gotsport.com/org_event/events/45036/clubs/4335
Mid-Atlantic Premier,45036,Huntington Inter FC,https://system.gotsport.com/org_event/events/45036/clubs/8550
Mid-Atlantic Premier,45036,Ironbound SC,https://system.gotsport.com/org_event/events/45036/clubs/8029
Mid-Atlantic Premier,45036,Javier Velasco Soccer Academy (JVSA),https://system.gotsport.com/org_event/events/45036/clubs/14055
Mid-Atlantic Premier,45036,Jersey Elite Soccer Academy,https://system.gotsport.com/org_event/events/45036/clubs/34400
Mid-Atlantic Premier,45036,Kearny Football Club,https://system.gotsport.com/org_event/events/45036/clubs/18646
Mid-Atlantic Premier,45036,Manhattan SC,https://system.gotsport.com/org_event/events/45036/clubs/7456
Mid-Atlantic Premier,45036,Maroons Soccer Club,https://system.gotsport.com/org_event/events/45036/clubs/13146
Mid-Atlantic Premier,45036,Match Fit Surf,https://system.gotsport.com/org_event/events/45036/clubs/4087
Mid-Atlantic Premier,45036,Monmouth United Soccer,https://system.gotsport.com/org_event/events/45036/clubs/8377
Mid-Atlantic Premier,45036,Morris Elite SC,https://system.gotsport.com/org_event/events/45036/clubs/18610
Mid-Atlantic Premier,45036,New York Elite Alleycats,https://system.gotsport.com/org_event/events/45036/clubs/7238
Mid-Atlantic Premier,45036,NJ Crush FC,https://system.gotsport.com/org_event/events/45036/clubs/3849
Mid-Atlantic Premier,45036,NJ Santos FC,https://system.gotsport.com/org_event/events/45036/clubs/18449
Mid-Atlantic Premier,45036,NLSA Surf,https://system.gotsport.com/org_event/events/45036/clubs/8019
Mid-Atlantic Premier,45036,North Jersey FC,https://system.gotsport.com/org_event/events/45036/clubs/18464
Mid-Atlantic Premier,45036,Parsippany SC,https://system.gotsport.com/org_event/events/45036/clubs/9567
Mid-Atlantic Premier,45036,Pasco Soccer Club,https://system.gotsport.com/org_event/events/45036/clubs/18665
Mid-Atlantic Premier,45036,Philadelphia SC,https://system.gotsport.com/org_event/events/45036/clubs/3751
Mid-Atlantic Premier,45036,Princeton FC,https://system.gotsport.com/org_event/events/45036/clubs/7982
Mid-Atlantic Premier,45036,Princeton SA,https://system.gotsport.com/org_event/events/45036/clubs/3663
Mid-Atlantic Premier,45036,Quickstrike FC,https://system.gotsport.com/org_event/events/45036/clubs/8603
Mid-Atlantic Premier,45036,Saints FC,https://system.gotsport.com/org_event/events/45036/clubs/7233
Mid-Atlantic Premier,45036,Saratoga-Wilton,https://system.gotsport.com/org_event/events/45036/clubs/7250
Mid-Atlantic Premier,45036,SFL Club,https://system.gotsport.com/org_event/events/45036/clubs/13137
Mid-Atlantic Premier,45036,Smithtown Kickers SC (LIJSL),https://system.gotsport.com/org_event/events/45036/clubs/4302
Mid-Atlantic Premier,45036,SPFSC EP3,https://system.gotsport.com/org_event/events/45036/clubs/31531
Mid-Atlantic Premier,45036,Sporting Club Premier (NJ),https://system.gotsport.com/org_event/events/45036/clubs/4326
Mid-Atlantic Premier,45036,Stateline SC,https://system.gotsport.com/org_event/events/45036/clubs/3845
Mid-Atlantic Premier,45036,Strikers Futbol Academy,https://system.gotsport.com/org_event/events/45036/clubs/13191
Mid-Atlantic Premier,45036,SUSA FC,https://system.gotsport.com/org_event/events/45036/clubs/8622
Mid-Atlantic Premier,45036,Swift Soccer Academy,https://system.gotsport.com/org_event/events/45036/clubs/36704
Mid-Atlantic Premier,45036,United Soccer Group,https://system.gotsport.com/org_event/events/45036/clubs/30194
Mid-Atlantic Premier,45036,WSA,https://system.gotsport.com/org_event/events/45036/clubs/8360
WPL NPL (Washington),44844,90+ Project SC,https://system.gotsport.com/org_event/events/44844/clubs/9522
WPL NPL (Washington),44844,AC Pacifico,https://system.gotsport.com/org_event/events/44844/clubs/34071
WPL NPL (Washington),44844,Basin Sounders,https://system.gotsport.com/org_event/events/44844/clubs/19351
WPL NPL (Washington),44844,BVB IA WA - Eastside,https://system.gotsport.com/org_event/events/44844/clubs/18612
WPL NPL (Washington),44844,BVBIA WA - Seattle,https://system.gotsport.com/org_event/events/44844/clubs/13318
WPL NPL (Washington),44844,Cascade Premier Soccer Club,https://system.gotsport.com/org_event/events/44844/clubs/13305
WPL NPL (Washington),44844,Central Washington Sounders,https://system.gotsport.com/org_event/events/44844/clubs/9055
WPL NPL (Washington),44844,Chuckanut Tide FC,https://system.gotsport.com/org_event/events/44844/clubs/33992
WPL NPL (Washington),44844,CYSA Timber Barons,https://system.gotsport.com/org_event/events/44844/clubs/24626
WPL NPL (Washington),44844,Dragons FC,https://system.gotsport.com/org_event/events/44844/clubs/13311
WPL NPL (Washington),44844,Eagleclaw Football Club,https://system.gotsport.com/org_event/events/44844/clubs/13309
WPL NPL (Washington),44844,Emerald City FC,https://system.gotsport.com/org_event/events/44844/clubs/13301
WPL NPL (Washington),44844,Everett Youth Soccer Club,https://system.gotsport.com/org_event/events/44844/clubs/13345
WPL NPL (Washington),44844,Evergreen United FC,https://system.gotsport.com/org_event/events/44844/clubs/25665
WPL NPL (Washington),44844,FC Edmonds,https://system.gotsport.com/org_event/events/44844/clubs/13310
WPL NPL (Washington),44844,FC Salmon Creek,https://system.gotsport.com/org_event/events/44844/clubs/24622
WPL NPL (Washington),44844,Gala FC,https://system.gotsport.com/org_event/events/44844/clubs/13303
WPL NPL (Washington),44844,Granite Falls YSC,https://system.gotsport.com/org_event/events/44844/clubs/24616
WPL NPL (Washington),44844,Hermiston FC,https://system.gotsport.com/org_event/events/44844/clubs/9061
WPL NPL (Washington),44844,Highline Premier FC,https://system.gotsport.com/org_event/events/44844/clubs/13300
WPL NPL (Washington),44844,J&S Futbol Academy,https://system.gotsport.com/org_event/events/44844/clubs/20056
WPL NPL (Washington),44844,Kittitas Valley Junior Soccer Association,https://system.gotsport.com/org_event/events/44844/clubs/9554
WPL NPL (Washington),44844,Lake Washington Premier Football Club,https://system.gotsport.com/org_event/events/44844/clubs/13322
WPL NPL (Washington),44844,LT Delfines FC,https://system.gotsport.com/org_event/events/44844/clubs/13329
WPL NPL (Washington),44844,Mt. Rainier Futbol Club,https://system.gotsport.com/org_event/events/44844/clubs/13313
WPL NPL (Washington),44844,Mukilteo Youth SC,https://system.gotsport.com/org_event/events/44844/clubs/24587
WPL NPL (Washington),44844,NCW United FC,https://system.gotsport.com/org_event/events/44844/clubs/32137
WPL NPL (Washington),44844,Nido Aguila Seattle,https://system.gotsport.com/org_event/events/44844/clubs/19267
WPL NPL (Washington),44844,North County Alliance Football Club,https://system.gotsport.com/org_event/events/44844/clubs/13304
WPL NPL (Washington),44844,North Kitsap Soccer Club,https://system.gotsport.com/org_event/events/44844/clubs/13315
WPL NPL (Washington),44844,NPSA,https://system.gotsport.com/org_event/events/44844/clubs/13312
WPL NPL (Washington),44844,Pacific FC Washington,https://system.gotsport.com/org_event/events/44844/clubs/9454
WPL NPL (Washington),44844,Puget Sound Soccer Club,https://system.gotsport.com/org_event/events/44844/clubs/13320
WPL NPL (Washington),44844,PUMAS-UNAM Filial Seattle,https://system.gotsport.com/org_event/events/44844/clubs/13341
WPL NPL (Washington),44844,Rayados Soccer Academy Northwest,https://system.gotsport.com/org_event/events/44844/clubs/33444
WPL NPL (Washington),44844,Seattle Celtic,https://system.gotsport.com/org_event/events/44844/clubs/13306
WPL NPL (Washington),44844,Sequim Junior Soccer Club,https://system.gotsport.com/org_event/events/44844/clubs/18508
WPL NPL (Washington),44844,Skagit Premier Football Club,https://system.gotsport.com/org_event/events/44844/clubs/30559
WPL NPL (Washington),44844,Sparta Tacoma,https://system.gotsport.com/org_event/events/44844/clubs/13321
WPL NPL (Washington),44844,Spokane Shadow,https://system.gotsport.com/org_event/events/44844/clubs/8066
WPL NPL (Washington),44844,Steel United Washington,https://system.gotsport.com/org_event/events/44844/clubs/13308
WPL NPL (Washington),44844,TC United,https://system.gotsport.com/org_event/events/44844/clubs/13316
WPL NPL (Washington),44844,Three Rivers Soccer Club,https://system.gotsport.com/org_event/events/44844/clubs/9068
