stat_id,category,subcategory,metric,value,unit,sample_size,sample_description,year_of_data,ref_id,notes
ST001,Cost,Club Sports,Median annual club sport expenditure,1500,USD/year,949,Parents of club sport youth athletes in Wisconsin,2018,R002,IQR $500-$3000
ST002,Cost,Club Sports,25th percentile annual expenditure,500,USD/year,949,Parents of club sport youth athletes in Wisconsin,2018,R002,
ST003,Cost,Club Sports,75th percentile annual expenditure,3000,USD/year,949,Parents of club sport youth athletes in Wisconsin,2018,R002,
ST004,Cost,School Sports,Median annual school sport expenditure,200,USD/year,949,Same Wisconsin survey,2018,R002,Contrast with club sport median of $1500
ST005,Cost,Club Sports,Annual cost range low end,1000,USD/year,,Competitive club/travel soccer nationally,2016,R001,
ST006,Cost,Club Sports,Annual cost range high end,10000,USD/year,,Competitive club/travel soccer nationally,2016,R001,
ST007,Cost,Camps,Elite summer soccer camp cost per week,500,USD/week,,Per week minimum,2016,R001,
ST008,Cost,Industry,Total US youth sports industry size,17000000000,USD,,National estimate,2019,R003,$17 billion total industry
ST009,Demographics,Income,Parents earning >$100k household income,60,percent,949,Club sport parents Wisconsin,2018,R002,
ST010,Demographics,Income,Parents earning <$50k household income,8,percent,949,Club sport parents Wisconsin,2018,R002,
ST011,Demographics,Education,Parents with bachelor's degree or higher,70,percent,949,Club sport parents Wisconsin,2018,R002,Minimum estimate (>70%)
ST012,Demographics,Income,Youth soccer participants from families >$75k/yr,33,percent,,National youth soccer,2016,R001,Approximately 1 in 3
ST013,Demographics,Income,Youth soccer participants from families <$25k/yr,11,percent,,National youth soccer,2016,R001,
ST014,Professional,Attainment,Academy players who reach professional first team,4.7,percent,1071,Academy players at professional club,2019,R005,40 out of 1071 players
ST015,Professional,Attainment,Males aged 15-39 who reach professional athlete status (any sport),0.02,percent,,US national estimate,2010,R006,Approximately 1 in 5000
ST016,Professional,Career Length,Initial MLS career expectancy,2.4,years,~1100,MLS players 1996-2007,2010,R006,At time of first appearance
ST017,Professional,Career Length,Players who exit MLS after 1 season ("one-and-done"),30,percent,~1100,MLS players 1996-2007,2010,R006,Nearly 30%
ST018,Professional,Career Length,Minimum annual exit rate from MLS,12,percent,~1100,MLS players 1996-2007,2010,R006,Never falls below 12% even for veterans
ST019,Professional,Career Length,Exit odds multiplier for foreign-born vs US-born MLS players,2.2,odds ratio,~1100,MLS players 1996-2007,2010,R006,Foreign-born 2.2x more likely to exit
ST020,Professional,Career Length,Expected remaining career at year 4 of MLS career,2.6,years,~1100,MLS players 1996-2007,2010,R006,Total expected career ~6.6 years by year 4
ST021,Professional,Relative Age,Odds multiplier for Q4 players (Oct-Dec) vs others once in academy,3.0,odds ratio,1071,Academy players at professional club,2019,R005,Late-born players who persist have 3x better pro odds
ST022,College,Players,Total mens college soccer players in US,38000,players,,All divisions,2016,R008,
ST023,College,Pro Spots,Professional roster spots across all US professional tiers,1800,spots,,MLS USL NWSL etc,2016,R008,Vast majority of college players will not go pro
ST024,College,International,International players in mens US college soccer,7600,players,170 countries,All divisions,2016,R008,120% increase since 2000
ST025,College,International,International player share of mens college soccer,20,percent,,All divisions,2016,R008,
ST026,College,International,UK share of all international hometowns,21,percent,,Mens college soccer,2016,R008,Top source country
ST027,College,International,NCAA D1 international player share,24,percent,,NCAA D1 mens soccer,2016,R008,Up from 10% in 2005
ST028,College,International,NAIA international player share,35,percent,,NAIA mens soccer,2016,R008,Highest share of any division
ST029,College,International,NCAA D2 international player share,31,percent,,NCAA D2 mens soccer,2016,R008,
ST030,College,International,NCAA D3 international player share,8,percent,,NCAA D3 mens soccer,2016,R008,No athletic scholarships; less incentive to recruit internationally
ST031,College,Geography,NY share of all international college soccer players,11,percent,,Destination state,2016,R008,Top destination state by volume
ST032,College,Geography,FL share of all international college soccer players,5.6,percent,,Destination state,2016,R008,
ST033,College,Geography,CA international player share despite 147 teams,4,percent,,CA mens college soccer,2016,R008,Large domestic talent pool reduces need
ST034,College,Geography,FL international player share of roster spots,42,percent,,FL college soccer rosters,2016,R008,Highest % by roster proportion
ST035,College,Geography,WV international player share of roster spots,41,percent,,WV college soccer rosters,2016,R008,
ST036,College,Womens,Womens programs in 1982 (pre-enforcement),103,programs,,All US womens college soccer,1982,R008,Title IX passed 1972; enforcement accelerated growth
ST037,College,Womens,Womens programs by early 2000s,1000,programs,,All US womens college soccer,~2003,R008,Nearly 10x growth driven by Title IX
ST038,College,Recruiting,Identified for-profit recruiting agencies for international players,68,companies,,US market,2016,R008,85% founded since 2000
ST039,College,Recruiting,Cost range for recruiting agency services,500,USD low end,,Per player per agency,2016,R008,
ST040,College,Recruiting,Cost range for recruiting agency services,3500,USD high end,,Per player per agency,2016,R008,
ST041,Coach Perception,International vs Domestic,Coaches who say international players have stronger technical skills,75,percent,,College soccer coaches,2016,R008,
ST042,Coach Perception,International vs Domestic,Coaches who say international players have more professional attitudes,70,percent,,College soccer coaches,2016,R008,
ST043,Coach Perception,International vs Domestic,Coaches who say international players have better tactical understanding,66,percent,,College soccer coaches,2016,R008,
ST044,Coach Perception,International vs Domestic,Coaches who say domestic players are more athletic,52,percent,,College soccer coaches,2016,R008,Slight majority
ST045,Transfer Portal,Roster Management,Roster spots and budget reserved for portal transfers by D1 coaches,27.5,percent,,Estimate midpoint (25-30% range),2025,GEMINI2026,Coaches increasingly use aid on proven transfers over HS recruits; range 25-30%
ST046,Transfer Portal,Roster Management,D1 men roster cap (hard limit),28,players,,NCAA D1 men and women soccer,2024,NCAA2024,Was 35-42 historically; cap causes cascade into portal across all divisions
ST047,Transfer Portal,Risk,Athletes entering portal who do not find a new program,50,percent,,All NCAA sports portal entrants,2024,GEMINI2026,Portal is high-risk; scholarship not guaranteed once name is entered; "portal purgatory"
ST048,Transfer Portal,Scholarship Strategy,Coaches who shift to smaller partial scholarships vs full rides for freshmen,,,,,2025,GEMINI2026,Coaches prefer spreading partial packages (25% each to 4 players) over 70-100% to 1 freshman; holds budget for winter portal window
ST049,College,Recruiting,Estimated domestic US HS players recruited per class at top D1 programs,4.5,players/class,,Elite D1 programs; estimate midpoint (4-5 range),2025,GEMINI2026,28 roster cap - 33% intl = ~18 domestic spots / 4 classes = ~4-5 per class
ST050,College,International,International % of D1 men rosters at elite conference programs (ACC Big Ten),67.5,percent,,Elite D1 programs; midpoint of 60-75% range,2025,GEMINI2026,Highly skewed vs overall 33% average; many are 20-21yr old ex-professional academy players
ST051,College,International,Primary international pipeline countries for D1 men soccer,,,"UK/Ghana/Germany/Spain/Canada",Top source countries,2025,GEMINI2026,Many are 20-21yr old ex-professional youth academy players entering as college freshmen
ST052,Policy,School vs Club,Club soccer annual participation cost vs school soccer,,,Four-figure club vs modest school fees,,National general,2025,USSOCCER_PARENT,Club soccer costs described as "four-figure sums now considered normal"; school fees "modest" by comparison; article argues schools underutilized as soccer development platform
ST053,Policy,School vs Club,School soccer structural advantage,,,Multi-year coach observation vs 1-2 showcase weekends,,National,2025,USSOCCER_PARENT,School coaches can observe players over full academic career; college scouts at school games watch players over time vs club showcase weekends; recruiting window advantage for school-based exposure
ST054,Policy,School vs Club,Club vs school funding model,,,Public budget vs family fees,,National,2025,USSOCCER_PARENT,School soccer funded via public budgets and communities vs club model where families bear full cost; policy tension: school system underused as soccer development base due to dominance of pay-to-play club model
ST055,Pro Pathway,College to Pro,Share of college soccer players who reach MLS or NWSL,2,percent,,All college soccer divisions,2025,USSOCCER_PARENT_COLLEGE,Less than 2% of college soccer players move into MLS/NWSL; increasing share of pros now come through MLS NEXT Pro and USL academies rather than college
ST056,Programs,MLS NEXT,Total MLS NEXT clubs players teams (2025-26),,,273 clubs 2189 teams 43000+ players,,National,2025,USSOCCER_PARENT_MLSNEXT,Doubled previous player and club pool; TWO tiers: Homegrown Division (MLS academies + elite non-MLS) and Academy Division (regionalized broader clubs); scholarship initiative: 1 fully-funded spot per club per season required
ST057,Programs,AYSO,Total AYSO players and teams,,,600000+ players 50000 teams,,National,2025,USSOCCER_PARENT_AYSO,600k+ players; 50k teams; Everyone Plays guarantee; volunteer coaches; no tryouts; most affordable entry point; notable alumni: Landon Donovan Alex Morgan
ST058,Programs,NCAA,College soccer to pro conversion rate by division,2,percent,,All NCAA divisions,2025,USSOCCER_PARENT_COLLEGE,Less than 2% of any college level reach major pro leagues (MLS/NWSL); increasing pro pipeline through academies/USL rather than college route
ST059,Cost,Club Equity,Fee parity across flight tiers within large clubs,0,differential,,Large multi-team clubs (Del Mar Surf model),2025,REDDIT_YOUTHSOCCER,"QUALITATIVE: lower-flight families pay SAME annual fee as top-flight families but receive worse practice times, lower-quality coaches, and fill-in coaches from higher-priority teams; equal price unequal product is core business model of large franchise clubs"
ST060,Cost,Club Model,Private equity ownership of youth soccer club brands,,,Del Mar Surf / Surf Soccer national brand,2025,REDDIT_YOUTHSOCCER,"QUALITATIVE: Surf Soccer described as national for-profit corporation that licenses brand to local clubs; partially owned by private equity fund; revenue model: maximize team count to sell more kits, collect more tournament fees, registration fees; brand prestige used to justify premium pricing regardless of coaching quality"
ST061,Quality,Coaching,Coach quality concentration at large multi-team clubs,,,Multi-team clubs with A-F flights,2025,REDDIT_YOUTHSOCCER,"QUALITATIVE: best coaches assigned to Flight 1 teams; coaches below top team may manage 4+ teams simultaneously and send fill-ins to non-priority games; top Flight 1 teams succeed in spite of club coaching because elite players do private training and futsal outside of club; coach quality is the key variable not club brand"
ST062,Access,Tryouts,Political dynamics in club soccer tryouts,,,Large clubs SoCal,2025,REDDIT_YOUTHSOCCER,"QUALITATIVE: new/unknown players grouped separately at tryouts with minimal coach attention; placement often based on prior relationship not observed ability; top teams frequently full before tryouts open; unknown players underplaced in year 1 regardless of talent; rec all-star status (e.g. RB/PQ rec) helps flag talent to SDSC coaches"
ST063,Development,Playing Time,Player-to-roster ratio impact on development,,,Small clubs vs large clubs,2025,REDDIT_YOUTHSOCCER,"QUALITATIVE: large clubs carry 18 players per team = fewer minutes per player; smaller clubs carry 10-12 players = significantly more game time per player; more minutes = better development especially at younger ages (U10-U13); smaller cheaper clubs may produce better individual development than expensive brand-name clubs"
ST064,Cost,Club Model,Annual fee structure at large SoCal club (Del Mar Surf),,,Del Mar Surf SoCal U10 level,2025,REDDIT_YOUTHSOCCER,"QUALITATIVE: no specific dollar figure confirmed in thread; described as costing more than SDSC or Force competitors; families on lower-flight teams pay premium rates for reduced coaching access and inferior practice slot; cost-to-value ratio deteriorates significantly below Flight 1"
ST065,Quality,Coaching,Coach quality vs club brand as development predictor,,,Community consensus r/youthsoccer,2025,REDDIT_YOUTHSOCCER,"QUALITATIVE: multiple experienced parents converge on same conclusion: individual coach quality is more predictive of player development than club brand or tier; a strong coach at a smaller/cheaper club outperforms a weak coach at a prestigious expensive club; parents advised to identify coaches before choosing clubs"
ST066,Cost,Hidden Costs,Field cancellations as hidden cost at premium clubs,,,Del Mar Surf SoCal,2025,REDDIT_YOUTHSOCCER2,"QUALITATIVE: Del Mar Surf fields close when it rains; more out-of-SD tournament travel than comparable clubs; described as 'more cost for less soccer' vs cheaper competitors; hidden cost of premium clubs = reduced actual training time even at same annual fee"
ST067,Cost,Value,Supplemental training cost differential between large and small clubs,,,SDSC Surf vs Del Mar Surf,2025,REDDIT_YOUTHSOCCER2,"QUALITATIVE: Del Mar Surf charges extra for additional clinics and training beyond base fee; SDSC Surf includes additional clinic trainings at NO extra charge at same or lower base price; hidden cost differential between large brand club and smaller club can be significant across a season"
ST068,Geography,Commute,Travel time as hidden cost of youth soccer,45,minutes round-trip one-way drop-off,,North County San Diego,2025,REDDIT_YOUTHSOCCER2,"QUALITATIVE: 45-60 min drive each way for practice is common in San Diego county; parents drive to drop off then return home then drive back; real time cost ~3-4 hrs per practice session; North County traffic described as brutal; commute time and gas are uncounted costs in most club fee analyses"
ST069,Programs,MLS NEXT,MLS NEXT clubs in San Diego county by geography,4,clubs,,San Diego county,2025,REDDIT_YOUTHSOCCER2,"4 MLS NEXT clubs in San Diego intentionally distributed geographically: Chula Vista FC (south) / Albion (central Ocean Beach+Kearny Mesa) / City SC (north Carlsbad) / San Diego FC Academy (east - brand new); geographic distribution reduces cross-town travel for players"
ST070,Quality,Club Comparison,SoCal club quality-to-cost tiers (community assessment),,,San Diego competitive clubs,2025,REDDIT_YOUTHSOCCER2,"QUALITATIVE ranking by experienced parents: Del Mar Surf=highest cost/top talent/inconsistent development/drama; Albion=high touches/physical style/MLS NEXT; SDSC Surf=grassroots/lower cost/additional training included; City SC=good value/strong coaches at all levels/MLS NEXT; Legends=not where elite players end up; strategic advice: choose club where child makes A team rather than riding bench at prestige club"
ST071,Cost,Inflation,Club soccer fee inflation 2007-2018 mid-level SoCal club,105,percent_increase,,,2018,SOCCER_FORUM_2018,"REAL DATA: mid-level SoCal club premier team 2007=$900 (tournaments not included); same club same tier 2018-19=$1850; ~105% increase over 11 years; primary driver cited as full-time DOC salary increases and professional coaching staff costs"
ST072,Cost,Historical,Orange County SoCal competitive club fee benchmarks 2018-19 season,,,Range across tiers,2018,SOCCER_FORUM_2018,"REAL DATA by tier: U-littles top clubs up to $3000 (rumored); smaller Central OC clubs $1700; Legends Flight 3 $1000; Legends FC West Flight 3 $700 (volunteer coaches); Legends FC North Flight 2-3 $2000; larger orgs older kids $2600; one club U-littles $1800 ALL-IN (includes uniforms + 2 tournaments + state cup)"
ST073,Cost,Historical,East Coast competitive club total annual cost 2018,9000,USD,,,2018,SOCCER_FORUM_2018,"REAL DATA Boston area 2007 birth year girl: $3000 tuition + $500 kit (2-year 20-piece cycle) + $1250 tournament fees (10x$125) + $4000 travel = ~$9000 total; significantly higher than SoCal due to east coast travel distances; comparable total to high-end SoCal all-in when travel added"
ST074,Cost,Structure,Club soccer cost components ranked by size,,,All competitive clubs,2018,SOCCER_FORUM_2018,"Cost breakdown from club admin perspective (largest to smallest): 1. Team coaching fees (largest; key differentiator); 2. Club fields and lighting; 3. Team tournament registration; 4. Team travel; 5. Club administration; 6. League registration; 7. Referee fees; 8. Team administration. Uniforms = separate revenue stream not included in base fee at most large clubs"
ST075,Cost,Subsidy,"Elite Flight 1 players do not pay full retail club fees",,,SoCal community observation,2018,SOCCER_FORUM_2018,"QUALITATIVE: 'Flight 1 players never pay full retail' — top players at large clubs often receive fee reductions or scholarships to attract elite talent; lower-flight families subsidize top-team subsidies; confirms that published fees represent maximum rate paid by average players not by showcased elite players"
ST076,Cost,Inflation,Estimated club soccer fee inflation 2018-2025,50,percent_increase_est,,,2025,DERIVED,"DERIVED from data: OC/SoCal mid-tier club 2018=$1700-2000; same tier 2025=$2600-3800 (One Ivy $3800; Albion $1950 base); rough 30-90% increase over 7 years; compounded with 2007-2018 data suggests ~3x total cost increase from 2007 to 2025 for same competitive tier"
ST077,Cost,Inflation,Annual club fee inflation rate vs wage growth gap,12,percent_annual_gap,,,2018,SOCCER_FORUM_2018,"QUALITATIVE 2018 parent analysis: club fees rising 10-15%/year; wages growing <3%/year; gap of ~10-12% annually means real cost burden grows every year; prices outpacing family income growth; primary driver of participation dropoff in lower-income families; wage data confirmed: BLS 2009-2018 wage growth <2%/yr; $900 club fee in 2009 should be $1050 at inflation but is actually $1850 — 76% above inflation"
ST078,Cost,Burden,Two-child club soccer monthly cost vs household expenses,500,USD_per_month,,,2018,SOCCER_FORUM_2018,"QUALITATIVE: parent with 2 kids in club soccer paying ~$500/month ($6000/yr); described as comparable to mortgage or car payment; 'second most expensive monthly bill next to mortgage and car payment'; threshold where families consider dropping to recreational level or leaving sport entirely"
ST079,Cost,Pricing,Deliberate fee unbundling strategy by large clubs,,,Industry practice,2018,SOCCER_FORUM_2018,"QUALITATIVE confirmed by multiple parents: large clubs deliberately exclude uniforms from advertised fee to make price appear lower; uniform kits $300-500 are mandatory additional purchase; parent comment: 'Can't include uniforms in fees — makes it sound too expensive!' — confirms intentional obscuring of true cost; smaller clubs more likely to bundle uniforms"
ST080,Cost,Market,Club soccer oversaturation and selectivity loss 2011-2018,,,OC SoCal,2018,SOCCER_FORUM_2018,"QUALITATIVE: 2011 club soccer was highly selective — hard to break in; by 2018 any child with a ball finds a club willing to take money; coach seen recruiting a girl just from watching her warm up; proliferation of teams reduced average quality; 'paying for academies when kids will never have a chance at making the academy'"
ST081,Scholarship,Combined,Academic plus athletic scholarship combined value example,110000,USD_4yr_total,1 player NAIA,Player 4.0 GPA 11k athletic + academic NAIA,2018,SOCCER_FORUM_2018,"REAL CASE: Flight 1 bench player NAIA school; 4.0 GPA AP classes; $110k+ total over 4 years combining athletic and academic aid; academic:athletic ratio approximately 80:20; coach preferred high-GPA recruits — easier admission and less scholarship budget consumed; team average GPA 3.6; weighted vs unweighted GPA matters by school"
ST082,Scholarship,Combined,Real soccer + academic scholarship breakdown D1 Southeast,14000,USD_per_year,1 player D1,Soccer $11k + academic $3k + in-state tuition,2018,SOCCER_FORUM_2018,"REAL CASE: $14000/yr ($11k soccer + $3k academic) plus in-state tuition at D1 Southeast school; player ultimately transferred out due to coaching change; illustrates combined aid stacking and volatility risk (coaching changes can void offers)"
ST083,Scholarship,Strategy,GPA threshold recommendation for maximizing scholarship aid,3.8,GPA_target,,,2018,SOCCER_FORUM_2018,"Community consensus from experienced parents: 3.8 GPA is recommended target for maximizing combined athletic+academic scholarship potential; 3.5+ gets consideration; bad grades close doors regardless of soccer ability; good grades reduce pressure on coach's athletic scholarship budget (coaches prefer high-GPA recruits); JC pathway viable for 3.0-3.4 GPA players to improve profile"
ST084,Cost,Club,Beach FC Long Beach registration fee,3000,USD_base,,,2024,FACEBOOK_YOUTH_SOCCER,"REAL DATA: Beach FC (Long Beach ECNL) registration ~$3,000; does NOT include uniforms or other fees; total all-in reported ~$5,000 (fees + uniforms + tournaments); ECNL LA club separately reported at $4,500 base NOT including uniforms or travel"
ST085,Quality,Guest Players,Guest player practice at large clubs,,,Beach FC and Slammers SoCal,2024,FACEBOOK_YOUTH_SOCCER,"QUALITATIVE: multiple reports of large clubs (Beach FC, Slammers) bringing down players from higher-level teams to play in lower-flight games and tournaments for wins; paid lower-flight players sit on bench; families pay full price but child may not play due to guest players filling roster; described as 'notorious' at both clubs; significant value destruction for lower-flight families"
ST086,Cost,Age,Optimal age to start club soccer investment,12,years,,,2024,FACEBOOK_YOUTH_SOCCER,"COMMUNITY CONSENSUS: multiple experienced parents recommend 'save the money until he is 12'; club soccer for U7-U10 age groups has lowest ROI — kids develop at similar rate in AYSO or rec at fraction of cost; focus on individual skills and confidence before paying club fees; club fees at U8 level provide little advantage over free/low-cost alternatives"
ST087,Cost,Tournament,Hidden tournament travel costs,,,SoCal parents,2024,FACEBOOK_YOUTH_SOCCER,"QUALITATIVE: tournament hidden costs include: hotel stays ($150-250/night for 2-day events); parking (arrive 5am to reserve spots); gas/meals; parents describe arriving before dawn and blocking spots with caution tape; for families with multiple tournament weekends per season these costs can equal or exceed club registration fees"
ST088,Cost,Small Club,Small community club all-in annual cost,2000,USD_total,,,2024,FACEBOOK_YOUTH_SOCCER,"REAL DATA (coach self-reported): small non-ECNL community club does it all for ~$2,000 total; contrast with ECNL clubs at $4,500-5,000+; illustrates 2-2.5x cost differential between large brand clubs and smaller alternatives with similar or better coach-to-player ratios and development outcomes"
ST089,Quality,Large Club,U13+ second teams monetized not developed,,,Large SoCal clubs (Fang Huang analysis),2024,FACEBOOK_YOUTH_SOCCER,"QUALITATIVE (experienced parent multi-year observation): after U13 top teams poach best players from second teams; second teams can no longer compete at higher level; after U13 second teams exist primarily to generate club revenue not develop players; 'they are there after U13 to pretty much make the club $'; parent's family went progressively from large corporates to smaller clubs over time to find fit"
ST090,Quality,Large vs Small Club,Large club vertical mobility advantage vs small club,,,Structural tradeoff,2024,FACEBOOK_YOUTH_SOCCER,"STRUCTURAL FINDING: large clubs can promote individual players internally (Flight 3 → Flight 1 → ECNL RL → ECNL) without requiring whole-team promotion; small clubs require entire team to move up in ranking together; this is a legitimate development advantage of large clubs — but advantage only applies to players who make Flight 1 — lower-flight players at large clubs have same ceiling as small clubs at higher cost"
ST091,Cost,Pay-to-Play,Pay-to-play in wealthy area ECNL programs,,,SoCal ECNL parent observation,2024,FACEBOOK_YOUTH_SOCCER,"QUALITATIVE: parent reports some ECNL teams in wealthy areas are 'overpriced with no talent'; parent donations may function as tax write-offs in exchange for playing time; if child not pursuing college or pro soccer: 'do not waste the money; many talented non-club leagues with low-cost fees'; wealth can purchase playing time at elite-branded clubs independent of merit"
ST092,Development,Training,Practice vs games ratio in youth soccer development,80,percent_practice,,,2024,FACEBOOK_YOUTH_SOCCER,"QUALITATIVE (experienced parent): 'practice is as or more important than games — kids spend 80% of their soccer time at practice'; implication: choosing a club based on league reputation or tournament success ignores the primary development environment; coach quality at practice matters more than game-day results or club brand name"
ST093,Cost,ROI,Conditional ROI of club soccer investment,,,Community consensus,2024,FACEBOOK_YOUTH_SOCCER,"COMMUNITY CONSENSUS: 'If your kid is not looking into playing college soccer, do not waste the money'; club soccer ROI only materializes through college scholarship or pro pathway; for the majority who pursue neither, recreational leagues with low fees produce similar outcomes; validates project's focus on tangible benefits (scholarship and pro) as the correct ROI framework"
ST094,Cost,National Benchmarks,National cost tiers per ussoccerparent.com 2024,,,National all levels,2024,USSOCCER_PARENT_COSTS,"OFFICIAL SUMMARY: Recreational $100-$600/yr; Competitive travel $1500-$6000/yr before major travel; Elite ECNL/MLS NEXT $8000-$15000+ annually; Highest reported $25000/yr; National average all youth sports $1016/yr on primary sport (2024); these ranges align with verified real data (Albion $2850 / One Ivy $4700 / Beach FC $5000+ / East Coast $9000)"
ST095,Cost,Brand Premium,PSG Academy LA annual fee,4000,USD_base,,,2024,USER_REPORTED,"REAL DATA (user-reported via friend): PSG Academy Los Angeles $4000/yr base; European brand licensing premium in top US market; does not include uniforms or tournaments; illustrates ~$1000-2000 brand premium over equivalent non-branded ECNL club; PSG Academy is international franchise model similar to Surf/Albion franchise structure"
ST096,Geography,Midwest,Missouri MYSA registered clubs total,88,clubs,,,2024,MYSA_KML,"REAL DATA from MYSA Google My Maps KML: 88 registered Missouri Youth Soccer Association member clubs statewide; spans STL Metro (major clubs: Scott Gallagher, Lou Fusz) / KC Metro (KC Athletics, KC Blaze, KC Islanders) / Outstate (Springfield, Columbia, Rolla, rural clubs); illustrates club density gap between coastal markets (LA/SD hundreds of clubs) and Midwest states (88 for entire state)"
ST097,Participation,National,Youth soccer players US (doubled since 1990),4040000,players,,,2023,USYS_LIFETIME_SPORT,"REAL DATA: 4.04 million youth soccer players in US; doubled since 1990; source: US Soccer Federation; baseline for entire youth pipeline analysis"
ST098,Participation,National,High school soccer players (fastest growth sport),730106,athletes,,,2023,USYS_LIFETIME_SPORT,"REAL DATA: 730,106 high school soccer athletes; more than doubled since 1990; fastest growth rate among any major sport per SGMA (Sporting Goods Manufacturers Association)"
ST099,Participation,College,Women's collegiate soccer teams growth since 1994,115,percent_increase,,,2023,USYS_LIFETIME_SPORT,"REAL DATA: women's collegiate soccer teams jumped 115% since 1994 World Cup (US hosted); per NCAA data"
ST100,Participation,College,Men's collegiate soccer teams growth since 1994,27.6,percent_increase,,,2023,USYS_LIFETIME_SPORT,"REAL DATA: men's collegiate soccer teams rose 27.6% since 1994; per NCAA data; shows gender gap in college growth rates"
ST101,Participation,Adult,Registered adult soccer participants,250000,participants,,,2023,USYS_LIFETIME_SPORT,"REAL DATA: over 250,000 registered adult soccer participants per US Adult Soccer Association; illustrates lifetime sport participation beyond youth/college"
ST102,Programs,USYS,Total youth soccer clubs in US,8200,clubs,,,2023,USYS_LIFETIME_SPORT,"REAL DATA: 8,200+ youth soccer clubs in US; illustrates extreme fragmentation (vs MLS 30, NCAA 1,900)"
ST103,Programs,USYS,Clubs under USYS program,6000,clubs,,,2023,USYS_LIFETIME_SPORT,"REAL DATA: 6,000+ youth soccer clubs play under US Youth Soccer Association program; largest single governing body"
ST104,Infrastructure,USYS,USYS volunteers and administrators,600000,volunteers,,,2023,USYS_LIFETIME_SPORT,"REAL DATA: US Youth Soccer is nationwide body of 600,000+ volunteers and administrators; 300,000+ are coaches (mostly volunteers)"
ST105,Participation,USYS,USYS registered youth players,3000000,players,,,2023,USYS_LIFETIME_SPORT,"REAL DATA: US Youth Soccer registers 3,000,000+ youth players ages 5-19; largest single youth soccer organization"
ST106,Governance,USYS,USYS member state associations,55,state_associations,,,2023,USYS_LIFETIME_SPORT,"REAL DATA: USYS comprised of 55 member state associations (one per state, two in CA/NY/OH/PA/TX); federalist structure"
ST107,Participation,Dropout,Age 9-11 kids likely to quit soccer within next year,50,percent,,,2025,US_SOCCER_OFFICIAL,"CRITICAL FINDING: US Soccer found almost half (50%) of kids ages 9-11 are likely to quit playing soccer within next year; this is the critical dropout age window for youth soccer"
ST108,Participation,Dropout,Children quitting soccer by age 14,70,percent,,,2025,US_SOCCER_OFFICIAL,"CRITICAL FINDING: ~70% of children quit soccer by age 14; represents massive attrition from 4M youth players to 730k high school players (~18% retention); age 9-14 is the critical retention challenge"
ST109,Participation,Equity,Participation barriers for Black and Hispanic children,,,Significant unquantified barriers,,,2025,US_SOCCER_OFFICIAL,"CRITICAL FINDING: US Soccer reports 'significant barriers to access' for Black and Hispanic children in soccer; participation likely skews heavily toward white middle/upper-income families; key equity/access gap not yet quantified in dataset"
ST110,Participation,Stagnation,Overall US soccer participation stagnant past decade,0,percent_growth,,,2025,US_SOCCER_OFFICIAL,"CRITICAL FINDING: Despite growing soccer culture (4M youth players, 730k high schoolers), overall participation in soccer in US has been STAGNANT for past decade; implies growth plateau and retention crisis"
ST111,Talent Pool,Global,US-eligible teenagers worldwide (via citizenship/parentage),50000000,players,,,2026,FORTUNE_USSOCCER_AI,"CRITICAL FINDING: US Soccer estimates 50-70 million US-eligible teenagers globally (citizenship/parentage-based eligibility, not birthplace); includes diaspora, immigrants, US-born parents overseas; dwarfs domestic 4M USYS players by 12-17x"
ST112,Talent Identification,Scout Coverage,Historical scout network coverage of eligible players,0.5,percent_coverage,,,2026,FORTUNE_USSOCCER_AI,"CRITICAL FINDING: Traditional human scout network reached only 0.5% of 50-70M US-eligible players globally; 'automatically excluding 99.5% of people'; structural ceiling due to geography/travel constraints"
ST113,Talent Identification,Bias,Pay-to-play system pre-selection bias,,,Lower-income families screened out before scouts arrive,,,2026,FORTUNE_USSOCCER_AI,"CRITICAL FINDING: US pay-to-play youth club system screens out talented kids from lower-income families BEFORE any scout arrival; creates dual bias: geographic (scouts can't reach 99.5% of eligible) + economic (poorest excluded at entry)"
ST114,Technology,AI Scouting,US Soccer AI scout deployment scale and approach,70000000,players_analyzable,,,2026,FORTUNE_USSOCCER_AI,"STRATEGIC DEVELOPMENT: US Soccer Federation now deploying AI-powered video analysis at scale across 50-70M US-eligible teenagers globally; trains models on positional profiles (movement, spatial awareness), analyzes video feeds regardless of origin; human scouts assess intangibles (tone, body language)"
ST115,Technology,AI Scouting,Expected impact of AI scouting on talent discovery,,,Geographic and economic bias reduction,,,2026,FORTUNE_USSOCCER_AI,"STRATEGIC DEVELOPMENT: AI scouting expected to eliminate geography as disqualifier; youth player in Boise gets same algorithmic attention as academy player in NY or semi-pro in Germany; may partially compensate for pay-to-play bias if video data becomes available for lower-cost programs"
ST116,Fandom,Growth,Soccer fans in US with 15+ years tenure,33,percent,2040,Respondents all ages 16+,2023,FOR_SOCCER_2024,"REAL DATA: 33% of US soccer fans have been fans for 15+ years; represents long-term established fanbase"
ST117,Fandom,Growth,Soccer fans with 5 or fewer years tenure,33,percent,2040,Respondents all ages 16+,2023,FOR_SOCCER_2024,"REAL DATA: 33% of US soccer fans are 'New Arrivals' (5 or fewer years); represents rapidly growing segment"
ST118,Fandom,Growth,New Arrivals year-over-year growth rate,57,percent_yoy,2040,US soccer fans,2023,FOR_SOCCER_2024,"CRITICAL FINDING: New soccer fans (5yr or less tenure) grew 57% year-over-year; represents explosive growth in sport adoption"
ST119,Fandom,Growth,Fans who became soccer fans in past year,400,percent_growth,2040,US soccer fans,2023,FOR_SOCCER_2024,"CRITICAL FINDING: Those who became fans within past year grew 400% year-over-year; pandemic aftermath bounce or sustained adoption acceleration"
ST120,Fandom,Demographics,New Arrivals less likely to be White vs all fans,10,percent_point_decrease,2040,New Arrivals vs Established,2023,FOR_SOCCER_2024,"DEMOGRAPHIC SHIFT: New Arrivals 10% less likely to be White than all soccer fans; indicates diversifying fanbase entry points"
ST121,Fandom,Demographics,New Arrivals more likely to be Black vs all fans,25,percent_point_increase,2040,New Arrivals vs Established,2023,FOR_SOCCER_2024,"DEMOGRAPHIC SHIFT: New Arrivals 25% more likely to be Black than all soccer fans; represents racial diversification in newer cohorts"
ST122,Fandom,Demographics,New Arrivals less likely to be Male vs all fans,20,percent_point_decrease,2040,New Arrivals vs Established,2023,FOR_SOCCER_2024,"DEMOGRAPHIC SHIFT: New Arrivals 20% less likely to be Male than all soccer fans; indicates gender balance in new fan acquisition"
ST123,Fandom,Demographics,New Arrivals more likely to be Female vs all fans,37,percent_point_increase,2040,New Arrivals vs Established,2023,FOR_SOCCER_2024,"DEMOGRAPHIC SHIFT: New Arrivals 37% more likely to be Female than all soccer fans; women driving significant portion of new fandom growth"
ST124,Fandom,Demographics,New soccer fans age 26 or younger,33,percent,2040,New Arrivals,2023,FOR_SOCCER_2024,"REAL DATA: over a third of soccer's newest fans are 26 years old or younger; Gen Z driving adoption"
ST125,Fandom,Demographics,New soccer fans age 43 or older,40,percent,2040,New Arrivals,2023,FOR_SOCCER_2024,"REAL DATA: 40% of New Arrivals are age 43 or older; discovering soccer later in life via non-traditional paths; indicates sport is reaching adults outside typical youth-to-adult pipeline"
ST126,Fandom,Personas,The Advocate fan segment,15,percent,2040,US soccer fans,2023,FOR_SOCCER_2024,"PERSONA: Advocates are passionate soccer fans (15%); sport central to identity; actively promote soccer; watch multiple games weekly; engaged on social media"
ST127,Fandom,Personas,The Enthusiast fan segment,19,percent,2040,US soccer fans,2023,FOR_SOCCER_2024,"PERSONA: Enthusiasts show deep commitment to favorite teams (19%); less vocal than Advocates; loyal viewership and close outcome tracking; often cultural/familial ties"
ST128,Fandom,Personas,The Sports Fan segment,32,percent,2040,US soccer fans,2023,FOR_SOCCER_2024,"PERSONA: Sports Fans have broad interest across sports (32%); soccer is one of many; not passionate but engaged; often male, Gen X demographic"
ST129,Fandom,Personas,The Casual Fan segment,26,percent,2040,US soccer fans,2023,FOR_SOCCER_2024,"PERSONA: Casual Fans enjoy soccer as part of entertainment mix (26%); occasional engagement; support local teams; value community connection over team performance"
ST130,Fandom,Personas,The Event Seeker segment,6,percent,2040,US soccer fans,2023,FOR_SOCCER_2024,"PERSONA: Event Seekers (6%) drawn to major soccer moments like FIFA World Cups; high engagement during major tournaments; lower regular-season engagement; higher percentage women"
ST131,Fandom,Entry Paths,Family connection as reason for becoming soccer fan,20,percent,2040,All fans,2023,FOR_SOCCER_2024,"REAL DATA: Family connection is top reason for becoming soccer fan (~20%); includes being born into fandom and family member involvement"
ST132,Fandom,Entry Paths,Sports fandom interest as reason for becoming soccer fan,15,percent,2040,All fans,2023,FOR_SOCCER_2024,"REAL DATA: General sports fan interest is pathway for 15% of soccer fans; liking other sports leads to soccer engagement"
ST133,Fandom,Entry Paths,Participation as reason for becoming soccer fan,12,percent,2040,All fans,2023,FOR_SOCCER_2024,"REAL DATA: Direct participation (playing soccer) converts 12% to spectator fandom; player-to-fan pathway"
ST134,Fandom,Entry Paths,Gaming as entry path for New Arrivals vs Established,32,percent_index,2040,New Arrivals over-index vs Established,2023,FOR_SOCCER_2024,"CRITICAL FINDING: Gaming is 32% higher indexed reason for New Arrivals becoming fans vs Established; video game soccer (e.g. FIFA/FC 24) is major fandom driver for younger cohorts; non-traditional entry route"
ST135,Fandom,Entry Paths,Gambling as entry path for New Arrivals vs Established,29,percent_index,2040,New Arrivals over-index vs Established,2023,FOR_SOCCER_2024,"CRITICAL FINDING: Gambling is 29% higher indexed for New Arrivals; sports gambling and betting apps are alternative pathway to fandom; younger adults with discretionary income"
ST136,Fandom,Entry Paths,General sports enthusiasm as entry path for New Arrivals vs Established,22,percent_index,2040,New Arrivals over-index vs Established,2023,FOR_SOCCER_2024,"CRITICAL FINDING: Sports enthusiasm (generic fandom) is 22% higher indexed for New Arrivals; indicates broader sports culture adoption vs family legacy"
ST137,Fandom,Entry Paths,Family connection as entry path for New Arrivals vs Established,10,percent_index,2040,New Arrivals under-index vs Established,2023,FOR_SOCCER_2024,"STRUCTURAL FINDING: Family connection is 10% LOWER indexed for New Arrivals; indicates fandom is NOT being inherited from older generations at same rates; new fandom growth is from non-family sources"
ST138,Fandom,Entry Paths,Participation as entry path for New Arrivals vs Established,42,percent_index,2040,New Arrivals under-index vs Established,2023,FOR_SOCCER_2024,"STRUCTURAL FINDING: Direct soccer participation is 42% LOWER indexed for New Arrivals; spectator-first fandom growing (not player-derived); implies fandom can develop without sport participation"
ST139,Fandom,Team Selection,Culture as team selection driver,21,percent,2040,US soccer fans,2023,FOR_SOCCER_2024,"REAL DATA: Club culture is top team selection factor (21%); includes team identity, community, reputation, values"
ST140,Fandom,Team Selection,Winning/success as team selection driver,20,percent,2040,US soccer fans,2023,FOR_SOCCER_2024,"REAL DATA: Winners are chosen by 20% of fans; competitive success is major but not dominant factor (tied with culture)"
ST141,Fandom,Team Selection,Team history as team selection driver,19,percent,2040,US soccer fans,2023,FOR_SOCCER_2024,"REAL DATA: Historical prestige/legacy influences 19% of team selection; long-term brand reputation"
ST142,Fandom,Team Selection,Player interest as team selection driver,16,percent,2040,US soccer fans,2023,FOR_SOCCER_2024,"REAL DATA: Superstar or specific player appeal drives 16% of team choices; Messi effect documented"
ST143,Fandom,Team Selection,Supporting local as team selection driver,15,percent,2040,US soccer fans,2023,FOR_SOCCER_2024,"REAL DATA: Local team support drives 15% of choices; geographic proximity still important but not dominant"
ST144,Fandom,Streaming,Fans who cite soccer as important to streaming subscription,50,percent,2040,Platform subscribers,2023,FOR_SOCCER_2024,"CRITICAL FINDING: More than 50% of fans who subscribe to streaming platforms (ESPN+, Apple TV+, Paramount+) cite soccer as 'very important' factor in maintaining subscription; soccer content is major revenue driver for sports streaming"
ST145,Fandom,Content Platform,YouTube preferred for soccer content,,,Most preferred platform with Facebook,2023,FOR_SOCCER_2024,"REAL DATA: YouTube and Facebook remain most preferred platforms for soccer content consumption among all fans; traditional video platforms still dominate"
ST146,Fandom,Content Platform,TikTok growth in soccer content,31,percent,2040,TikTok users,2023,FOR_SOCCER_2024,"REAL DATA: 31% of those who selected TikTok chose it as top platform for soccer content; significant growth indicator"
ST147,Fandom,Content Platform,TikTok year-over-year growth in soccer,24,percent_yoy,2040,TikTok users,2023,FOR_SOCCER_2024,"REAL DATA: TikTok soccer content growth 24% year-over-year; short-form video driving younger demographics"
ST148,Fandom,Hispanic Fans,Hispanic fans claiming US teams as primary,32,percent,2040,Hispanic soccer fans,2023,FOR_SOCCER_2024,"REAL DATA: 32% of Hispanic fans claim US teams (Men or Women) as primary; lower than other demographic groups"
ST149,Fandom,Hispanic Fans,Hispanic fans claiming international teams as primary on international stage,21,percent,2040,Hispanic soccer fans,2023,FOR_SOCCER_2024,"REAL DATA: 21% less likely than all soccer fans to claim primary team on international stage; indicates international loyalty stronger than domestic for Hispanic fans"
ST150,Fandom,Hispanic Fans,Mexican-Americans claiming US Men as primary team,40,percent,2040,Mexican-American soccer fans,2023,FOR_SOCCER_2024,"REAL DATA: Only 40% of Mexican-American fans claim U.S. Men as primary team; lowest among any Hispanic subgroup; indicates international team loyalty (likely Mexico national team) outweighs domestic club soccer"
ST151,Professional,Pathway,MLS NEXT total players across all tiers,53000,players,,,2026,REDDIT_YOUTH_SOCCER,"REAL DATA: MLS NEXT (Homegrown + Academy Divisions) rosters approximately 53,000 players across 6 age groups (U13-U19) as of 2026-27 season; baseline for pathway probability calculation"
ST152,Professional,Pathway,MLS roster spots total,850,spots,,,2026,REDDIT_YOUTH_SOCCER,"REAL DATA: Major League Soccer has ~850 total rostered players; baseline for pro career probability"
ST153,Professional,Pathway,MLS US-born players,400,players,,,2026,REDDIT_YOUTH_SOCCER,"REAL DATA: Fewer than 400 of 850 MLS roster spots filled by US-born players; approximately 47% US-born vs 53% international"
ST154,Professional,Pathway,Typical MLS NEXT player probability of reaching MLS,0.4,percent,53000,All MLS NEXT players,2026,REDDIT_YOUTH_SOCCER,"CRITICAL FINDING: Back-of-napkin calculation: 53k MLSN players ÷ 400 US-born MLS spots (accounting for 10-12 year MLS career span vs 6-year age cohort) = ~0.4% realistic probability; most MLSN players will NOT reach MLS regardless of tier"
ST155,Professional,Pathway,MLS NEXT Homegrown Division only probability of reaching MLS,1.1,percent,17000,HG division players only,2026,REDDIT_YOUTH_SOCCER,"REFINED FINDING: Isolating HG division (~17k players) vs MLS spots = ~1.1% probability; still extremely low despite being 'elite' tier; indicates HG is marketing brand not primary MLS pipeline"
ST156,Professional,Pathway,MLS Pro Academy conversion rate,2,percent_low,,,MLS-owned academies U17-U19,2026,REDDIT_YOUTH_SOCCER,"CRITICAL DISTINCTION: Actual MLS Pro Academies (NOT MLS NEXT) convert at 2-5% to MLS first teams; orders of magnitude better than HG/AD divisions; suggests most MLS signings come from small subset of academy-contracted youth"
ST157,Professional,Pathway,MLS Pro Academy conversion rate high end,5,percent_high,,,MLS-owned academies U17-U19,2026,REDDIT_YOUTH_SOCCER,"CRITICAL DISTINCTION: Actual MLS Pro Academies convert at 2-5% range; top academies likely closer to 5%; validates that real 'pathway' is MLS Pro Academy not MLS NEXT divisions"
ST158,Professional,Pathway,International player share of MLS rosters,53,percent,850,All MLS players,2026,REDDIT_YOUTH_SOCCER,"STRUCTURAL FINDING: 53% of MLS rosters are international players (vs 47% US-born); indicates international youth academies are more competitive pipeline than domestic youth clubs; MLSN players competing against European academy graduates"
ST159,Professional,Pathway,Community consensus on MLSN as pro pipeline,,,Mostly marketing not pipeline,,,2026,REDDIT_YOUTH_SOCCER,"QUALITATIVE CONSENSUS: Community agreement that MLS NEXT (HG + AD divisions) functions primarily as youth league with premium branding; parents acknowledge it's 'soccer with bigger brand and higher price tag' not genuine pro development pipeline"
ST160,Professional,Pathway,College soccer as realistic endpoint vs pro,,,College more likely,,,2026,REDDIT_YOUTH_SOCCER,"QUALITATIVE CONSENSUS: Community agreement that college soccer (D1/D2/D3/NAIA/NJCAA) is more realistic goal than professional for >99% of MLSN players; pro pathway requires actual MLS academy contract"
ST161,Professional,Pathway,Elite MLS academy performance standard,2,percent,,,Top MLS academies,2026,REDDIT_YOUTH_SOCCER,"REFERENCE COMPARISON: UK professional academies (Premier League level) convert ~1.5% of U18 academy players to pro contracts; US MLS academies at 2-5% range are competitive or better; validates that academy pathway is legitimate but still highly selective"
ST162,Cost,Value Proposition,ROI of MLSN investment for non-academy players,,,Negative ROI for pro goal,,,2026,REDDIT_YOUTH_SOCCER,"ECONOMIC FINDING: Given 0.4-1.1% probability of reaching MLS, paying MLSN fees ($4k-8k+/year × 6 years = $24k-48k) with expectation of pro career is economically irrational; pro ROI only materializes for actual MLS academy players or college scholarship recipients"
ST163,Cost,Value Proposition,MLSN justified goal for non-academy families,,,College scholarships and competition level,,,2026,REDDIT_YOUTH_SOCCER,"ALTERNATIVE VALUE: Parents defending MLSN participation cite (1) competing against best available players in US; (2) college scholarship visibility; (3) development quality not guaranteed elsewhere; (4) opportunity cost of saying no if child is capable; frames MLSN as college-prep not pro-prep"
ST164,Professional,Geographic,Regional academy concentration,,,Dallas Columbus RSL Union,,,2026,REDDIT_YOUTH_SOCCER,"QUALITATIVE FINDING: Community identifies 5-8 'top tier' MLS academies (Sounders, Columbus, RSL, Dallas, Fire, Cincinnati, Union, maybe RBNY) as places 'you want to be'; other clubs produce few homegrowns; academy quality highly concentrated by region"
ST165,Professional,International,US vs European youth academy competition,,,Europe 6-10x more pro slots,,,2026,REDDIT_YOUTH_SOCCER,"STRUCTURAL COMPARISON: US lacks lower-tier professional leagues; European nations have 2nd, 3rd, 4th division professional opportunities; US MLSN players compete against European academy graduates for ~400 MLS spots; structural disadvantage in talent density"
ST166,Quality,Guest Players,Guest player practice distorting MLSN competition,,,Large clubs bring up higher teams,,,2024,REDDIT_YOUTH_SOCCER,"QUALITATIVE: Large multi-team clubs (Beach FC, Slammers) reported bringing down 'guest players' from higher flights to play in lower flights to boost wins/tournament results; lower-flight families pay full price but players ride bench due to guest players; describes revenue-maximizing over development practice"
ST167,Quality,Development,Coach quality more predictive than club brand,,,Individual coach &gt; club tier,,,2024,REDDIT_YOUTH_SOCCER,"COMMUNITY CONSENSUS: Experienced parents converge that individual coach quality is more predictive of player development than club brand or tier; strong coach at small cheap club outperforms weak coach at prestigious expensive club"
ST168,Professional,Academy,MLS academy typical homegrown production rate,,,2-4 homegrowns per year per club,,,2026,REDDIT_YOUTH_SOCCER,"QUALITATIVE ESTIMATE: MLS clubs typically produce 2-4 homegrown signings per year from their academies (some years zero); 30 clubs × 2.5 average = ~75 domestic MLS homegrowns/year; suggests academy-to-MLS pipeline produces ~75-100/year not 200+ from all pathways"
ST169,Professional,Equity,Black and Hispanic players underrepresented in MLSN,,,Access barriers documented,,,2025,US_SOCCER_OFFICIAL + REDDIT_YOUTH_SOCCER,"STRUCTURAL INEQUITY: US Soccer identified 'significant barriers to access' for Black and Hispanic youth in soccer; pay-to-play model pre-screens out lower-income families before any scout/coach evaluation; combined with geographic bias creates compounding exclusion"
ST170,Programs,MLS GO,MLS GO recreational program enrollment,40000,players,,,2026,USA_TODAY_MONDELO,"REAL DATA: MLS GO (recreational program ages 4-14) enrolled 40,000 players as of 2026; MLS projects 500,000+ participants in years following 2026 World Cup"
ST171,Programs,MLS GO,MLS GO launch year and reason,2023,year,,,2023,USA_TODAY_MONDELO,"CRITICAL CONTEXT: MLS created GO in 2023 explicitly BECAUSE 'registered soccer participation wasn't really growing over years'; launched to combat 'push to travel too early, cost growing so high at young ages'; reveals MLS acknowledges pay-to-play model was driving kids away despite league popularity"
ST172,Programs,MLS NEXT,MLS NEXT enrollment current,18000,players,,,2026,USA_TODAY_MONDELO,"REAL DATA: MLS NEXT enrolled ~18,000 players as of article date; expanding to 40,000+ with new second tier of competition; represents elite competitive tier U13-U19"
ST173,Programs,MLS NEXT,MLS NEXT clubs total,267,clubs,,,2026,USA_TODAY_MONDELO,"REAL DATA: MLS NEXT structure: 29 MLS-owned academies + 238 elite (non-MLS) academies = 267 total clubs; two-tier system (elite and academy divisions)"
ST174,Programs,MLS NEXT,MLS academy clubs,29,clubs,,,2026,USA_TODAY_MONDELO,"REAL DATA: 29 MLS-owned/operated youth academies (one per MLS club plus new San Diego FC); offer scholarships, housing, and schooling; select pathway to pro"
ST175,Professional,Talent Identification,US youth national team players from MLS NEXT,93,percent,,,2026,USA_TODAY_MONDELO,"CRITICAL FINDING: As of June 2026, 93% of US youth national team players sourced from MLS NEXT; indicates MLS pipeline dominance for national team development; however tension: if 93% from MLSN but 53% of MLS is international, significant pipeline leakage exists"
ST176,Professional,Pathway,MLS NEXT players matriculated to MLS total,130,players,,,2020-2026,USA_TODAY_MONDELO,"REAL DATA: 130 MLS NEXT players have signed with MLS first teams since program launch in 2020 (6 years); ~22/year average conversion; significantly lower than 200 MLS NEXT Pro signings over 4 years (50/year), suggesting many take MLS NEXT Pro intermediate step"
ST177,Professional,Pathway,MLS NEXT Pro signings,160,players,,,2022-2026,USA_TODAY_MONDELO,"REAL DATA: MLS NEXT Pro has signed 160+ players to league since launch in 2022 (4 years); ~40/year average; represents 'polishing stage' between youth and first team"
ST178,Programs,Girls Academy,Girls Academy clubs and enrollment,114,clubs,16000,players,2026,USA_TODAY_MONDELO,"REAL DATA: Girls Academy (alliance with MLS NEXT) operates 114 clubs with 16,000+ players U13-U19; 48 clubs also have boys MLS NEXT teams; separate but parallel pathway for girls"
ST179,Professional,Girls,USWNT players in MLS NEXT,,,Thompson sisters example,,,2026,USA_TODAY_MONDELO,"EXAMPLE: Alyssa and Gisele Thompson played U19 MLS NEXT before USWNT; girls can be invited to MLS NEXT boys teams though program is technically boys-focused"
ST180,Professional,International,US youth national team representation globally,32,countries,277,players called to youth national teams,2025,USA_TODAY_MONDELO,"REAL DATA: MLS NEXT players have represented 32 different youth national teams around globe in 2025; 277 players from 56 MLS NEXT clubs called to youth national teams; indicates US soccer development is producing international-caliber talent beyond domestic only"
ST181,Professional,Development,MLS investment in player development annual,125000000,USD,,,2026,USA_TODAY_MONDELO,"REAL DATA: MLS invested $125M+ in player development in 2026 alone; substantial infrastructure commitment to youth academies and coaching education"
ST182,Professional,Development,GA Cup generations and international competition,20,years_approx,,,2000s-2025,USA_TODAY_MONDELO,"REAL DATA: Generation Adidas Cup (created by Mondelo ~2 decades ago) started as MLS academy evaluation tool; now includes international competition (Bayern Munich, Manchester City); used to assess development par vs world"
ST183,Professional,Development,MLS teams dominating GA Cup vs international,,,Recent 10-15 years,,,2025,USA_TODAY_MONDELO,"QUALITATIVE: Mondelo reports MLS teams now 'dominating' some GA Cup age groups whereas decade+ ago international teams were beating them; indicates convergence toward world-class development standard"
ST184,Professional,International,International clubs recruiting US academy players,,,Rising interest,,,2025,USA_TODAY_MONDELO,"QUALITATIVE: 'Interest of international clubs on players being developed domestically has risen tremendously'; indicates US academy graduates now viewed as viable option by top-level worldwide clubs (European leagues, etc.)"
ST185,Participation,Growth Projection,MLS GO projected enrollment post-2026 World Cup,500000,players,,,Post-2026,USA_TODAY_MONDELO,"PROJECTION: MLS predicts 500,000+ players in MLS GO in years following 2026 World Cup (assuming US hosting generates interest surge); aspirational target to validate growth narrative"
ST186,Professional,Strategy,MLS objective: develop next generation for pro and national teams,,,Dual pathway,,,2026,USA_TODAY_MONDELO,"STRATEGIC STATEMENT: Luis Robles (MLS NEXT technical director) framed objective as developing talent for 'pro game, includes MLS and includes national teams'; implies dual success metrics beyond just MLS roster spots"
ST187,Professional,Strategy,MLS ideal future roster composition,,,Majority domestic-grown,,,2026,USA_TODAY_MONDELO,"STRATEGIC VISION: Mondelo stated ideal is 'mid-level players and above domestically grown, with international influx as truly the superstars'; inverse of current 53% international reality; indicates 10-15 year development goal"
ST188,Marketing,Pay-to-Play,MLS NEXT financial aid availability,,,Variable by club,,,2026,USA_TODAY_MONDELO,"CONTEXT: Article states MLS NEXT clubs 'try and look at providing financial aid where needed' but provides no data on actual aid availability, amounts, or percentage of players receiving aid; vague language suggests aid is discretionary not guaranteed"
ST189,Professional,Elite,USMNT roster size,70,players,,,2026,USMNT_ROSTER,"REAL DATA: United States Men's National Team roster approximately 70 players currently competing professionally (domestic and international); represents absolute elite tier of US soccer"
ST190,Professional,Elite,Probability of reaching USMNT from youth soccer,0.0018,percent,4000000,All US youth soccer players,2026,DERIVED,"CRITICAL FINDING: 70 USMNT players ÷ 4M youth players = 0.0018% probability of reaching national team; even rarer than MLS (0.02%); USMNT is the ultimate ceiling, not the average pro outcome"
ST191,Professional,Elite,USMNT as rarest attainment tier,,,Above MLS in rarity,,,2026,DERIVED,"STRUCTURAL FINDING: Probability hierarchy: Youth (100%) → HS (18%) → College (1.5%) → MLS (0.02%) → USMNT (0.0018%); national team selection is rarer than professional league play; only generational talent reaches this tier"
ST192,Professional,Brain Drain,USMNT players competing abroad vs MLS,,,Majority international,,,2026,USMNT_ROSTER,"FINDING: Of ~70 USMNT players, majority competing in Europe's top leagues (Premier League, Bundesliga, Ligue 1, Serie A, La Liga) rather than MLS; indicates MLS cannot retain elite US talent; forces best players toward international opportunities for pay/competition"
ST193,Professional,Career Economics,USMNT player salary comparison MLS vs Europe,,,Europe 2-5x higher,,,2026,DERIVED,"STRUCTURAL REALITY: Elite USMNT players (Pulisic AC Milan, McKennie Juventus, Musah Atalanta) earn significantly more in European top leagues; MLS cannot compete on compensation for generational talent; creates brain drain even after player develops domestically"
ST194,Professional,Elite,Youth national team representation vs USMNT,93,percent_from_MLSN,277,Players in youth national teams,2025,USA_TODAY_MONDELO,"CONTEXT: 93% of youth national team players from MLS NEXT, yet only ~70 reach USMNT; illustrates massive attrition between youth national teams and senior national team; youth dominance doesn't translate to senior success or sustainability"
ST195,Professional,Academy,Philadelphia Union academy ranking,1,rank,,,2025,USSOCCERCOLLECTIVE,"REAL DATA: Philadelphia Union MLS Academy ranked #1 for third consecutive year (2023-2025); 'no other club producing more high-level prospects'; establishes Philadelphia as top academy destination for US youth talent"
ST196,Professional,Academy,New England Revolution academy ranking,2,rank,,,2025,USSOCCERCOLLECTIVE,"REAL DATA: New England Revolution ranked #2, up 3 spots year-over-year; indicates emerging top-tier academy program; coastal advantage in talent recruitment and development"
ST197,Professional,Academy,Chicago Fire academy ranking,3,rank,,,2025,USSOCCERCOLLECTIVE,"REAL DATA: Chicago Fire ranked #3, up 11 spots in one year; sharp rise suggests significant investment or recent coaching/infrastructure changes; only Midwest academy in top tier"
ST198,Professional,Academy,MLS academy evaluation methodology,4,criteria,,,2025,USSOCCERCOLLECTIVE,"EVALUATION FRAMEWORK: MLS academies ranked on four equal-weighted criteria (25% each): (1) Talent Level (scouting/recruiting effectiveness); (2) Development (pro production track record); (3) Pathway (moving players through professional progression); (4) Resources (infrastructure/financial investment)"
ST199,Professional,Academy,Coastal vs regional academy advantage,,,Coastal programs clustered at top,,,2025,USSOCCERCOLLECTIVE,"STRUCTURAL FINDING: Top-ranked academies geographically cluster in coastal talent markets (Philadelphia, New England, New York, Los Angeles); programs in weaker talent markets (Kansas City, Austin, Nashville) rank lower despite organizational effort; geography affects academy success significantly"
ST200,Professional,Academy,Regional recruitment limitations,,,Local vs national scope,,,2025,USSOCCERCOLLECTIVE,"STRUCTURAL LIMITATION: Programs like Chicago and NYCFC succeed in local recruitment but lack broader recruiting infrastructure; top-tier programs pursue national talent; regional programs constrained by local player pool; creates tiered access based on geography"
ST201,Professional,Academy,Academy quality stratification within MLS,,,Not all 29 equal,,,2025,USSOCCERCOLLECTIVE,"CRITICAL FINDING: MLS academies are not homogeneous tier; Philadelphia producing 'more high-level prospects' than any other suggests significant variation in academy quality, resources, and player development outcomes; location matters as much as MLS label"
ST202,Professional,Academy,Elite academy concentration,3,academies_in_top_tier,,,2025,USSOCCERCOLLECTIVE,"FINDING: Only 3 academies clearly in elite tier (Philly #1, NE #2, Chicago #3); remaining 26 MLS academies rank below; suggests ~10% of academies drive disproportionate share of professional player production; extreme concentration risk for talent identification"
ST203,Cost,Industry,Total US youth sports industry size (updated),40000000000,USD,,National estimate,2024,ASPEN_PROJECTPLAY_2025,"UPDATED: Total youth sports economy estimated at $40B annually as of 2024; previous estimate was $17B (2019); ~135% increase reflects real growth + improved measurement; includes all youth sports not just soccer"
ST204,Cost,Spending,Average annual family spending on primary youth sport,1016,USD/year,1848,US parents surveyed Nov-Dec 2024,2024,ASPEN_PROJECTPLAY_2025,"REAL DATA: Aspen Institute Project Play (w/Utah State + Louisiana Tech); surveyed 1,848 youth sports parents; 46% increase vs $695 in 2019; outpaces 23% general US inflation same period"
ST205,Cost,Spending,Average annual family spending including secondary sports,1500,USD/year,1848,US parents surveyed,2024,ASPEN_PROJECTPLAY_2025,"REAL DATA: When additional sports included, families pay nearly $1,500/year per child; secondary sport adds ~$475 on top of primary sport spend"
ST206,Cost,Soccer,Average annual family spending on soccer (primary sport),1188,USD/year,1848,Soccer parents in survey,2024,ASPEN_PROJECTPLAY_2025,"REAL DATA: Soccer families spend $1,188/yr on average across ALL participation levels (rec + travel + elite); more than basketball ($1,002), baseball ($714), tackle football ($581); 69% increase since 2019"
ST207,Cost,Soccer,Soccer family spending 5-year increase,69,percent_increase,,Soccer families,2024,ASPEN_PROJECTPLAY_2025,"REAL DATA: Soccer spending increased 69% over 5 years (2019-2024); highest growth among major sports except basketball (105%); well above 23% US inflation; structural cost acceleration"
ST208,Demographics,Income,Income gap in youth sports spending (high vs low income),1471,USD_gap_per_year,,Highest income vs lowest income families,2024,ASPEN_PROJECTPLAY_2025,"CRITICAL FINDING: Families earning $100,000+ spend $1,471 MORE annually than families under $50,000; represents ~145% premium; confirms systemic access barrier by income; gap will be much larger specifically for travel soccer"
ST209,Demographics,Geography,Urban family annual youth sports spending,1628,USD/year,,Urban families,2024,ASPEN_PROJECTPLAY_2025,"REAL DATA: Urban families average $1,628/year; Suburban: $1,552; Rural: $924; urban families spend ~76% more than rural; geographic access gap compounds income access gap"
ST210,Demographics,Race,White vs Black parental youth sports spending gap,2,x_ratio,,White vs Black parents,2024,ASPEN_PROJECTPLAY_2025,"CRITICAL FINDING: White parents spend nearly double Black parents on youth sports; racial spending gap mirrors income gap but operates independently; systemic equity barrier in pay-to-play model"
ST211,Access,Participation,Share of youth sports participation in travel/club leagues,17,percent,,All organized youth sports,2024,ASPEN_PROJECTPLAY_2025,"CRITICAL FINDING: Only 17% of organized youth sports participation is travel/club leagues; 43% community-based teams, 40% interscholastic, 41% free play; travel soccer is a MINORITY of all participation but captures outsized media/cultural attention"
ST212,Access,Financial Stress,Parents who go into debt to pay for youth sports,20,percent,1848,US parents surveyed,2024,ASPEN_PROJECTPLAY_2025,"CRITICAL FINDING: 20% of parents go into debt to afford youth sports; confirms severe financial stress even at average spend levels ($1,016/yr); at travel soccer levels ($3,000-15,000+), debt burden would be significantly higher"
ST213,Access,Financial Stress,Parents considering withdrawing child due to cost,21,percent,1848,US parents surveyed,2024,ASPEN_PROJECTPLAY_2025,"CRITICAL FINDING: 21% of parents consider pulling kids out of sports due to cost burden; nearly 1 in 5 families at financial breaking point; primary driver of dropout is economic not developmental"
ST214,Cost,Spending,Maximum self-reported youth sports spending (single sport),25000,USD/year,,Single high-end family,2024,ASPEN_PROJECTPLAY_2025,"REAL DATA VALIDATION: Parent in survey reported spending 'almost $25,000' on one sport for one child; validates high end of our T4 elite tier cost range ($22,000-$30,000); confirms real-world examples at top of cost distribution"
ST215,Participation,Overall,Youth (6-17) organized sports participation rate,54.6,percent,50000000,US children ages 6-17,2024,ASPEN_PROJECTPLAY_2025,"REAL DATA: 54.6% of US children (6-17) participate in organized sports (27.3M total); down from 56.1% in 2019; pandemic low was 48.5% in 2021; recovery incomplete; 23M children not in organized sports"
ST216,Demographics,Income,Income-based youth sports participation gap 2012,13.6,percentage_points,,Lowest vs highest income households,2012,PROJECTPLAY_SOP2025,"BASELINE: 35.5% of children in <$25K households played sports regularly vs 49.1% in >$100K households; 13.6 percentage point gap in 2012"
ST217,Demographics,Income,Income-based youth sports participation gap 2024,20.2,percentage_points,,Lowest vs highest income households,2024,PROJECTPLAY_SOP2025,"CRITICAL TREND: Gap widened from 13.6pp (2012) to 20.2pp (2024); children from lowest-income homes now play at HALF the rate of highest-income peers; gap is accelerating not stabilizing"
ST218,Demographics,Income,Wealthy households travel sports access multiplier,2,x_multiplier,,>$100k vs <$50k households,2024,PROJECTPLAY_SOP2025,"CRITICAL FINDING: >$100K household children are 2x MORE LIKELY to access travel sports vs <$50K households; confirms travel/club soccer as wealth-stratified access tier"
ST219,Demographics,Race,Latino and Black children quit soccer due to feeling unwelcome vs White children,3,x_more_likely,,National,2025,MCKINSEYUSSOCCER_SOP2025,"CRITICAL FINDING (McKinsey + US Soccer Federation research): Latino and Black children are 3x more likely than White children to stop playing soccer because they feel unwelcome; cultural exclusion compounds economic exclusion"
ST220,Participation,Soccer,Soccer participation ages 6-12 total decline 2012-2024,3,percent_decline,,US children ages 6-12,2024,PROJECTPLAY_SOP2025,"CRITICAL FINDING: Soccer participation among ages 6-12 declined 3% overall from 2012-2024 despite massive cost and commercialization growth; indicates cost escalation is driving dropoff in base participation pipeline"
ST221,Participation,Boys,Boys regular sports participation decline,50,percent_peak,,US boys,2024,PROJECTPLAY_SOP2025,"TREND: Boys at 42% or lower regular participation for 9 consecutive years; down from 50% peak in 2013; decade-long secular decline; compounded by cost barriers and competing entertainment options"
ST222,Participation,Girls,Girls overall regular sports participation 2024,37,percent,,US girls,2024,PROJECTPLAY_SOP2025,"POSITIVE TREND: Girls at 37% regular participation in 2024 — highest since tracking began in 2012; growth driven by Latina girls (39.5% → 48.4% from 2019 to 2024); countertrend to boys decline"
ST223,Participation,Equity,ECNL club count (both programs),279,clubs,,"128 girls + 151 boys",2025-2026,ECNL_WIKIPEDIA,"CONFIRMED BASELINE: ECNL Girls 128 clubs + ECNL Boys 151 clubs = 279 total; not individually listed in database due to JS-rendered website (inaccessible to scraper); validates ~279 estimate in methodology"
ST224,Policy,Immigration,Immigration enforcement impact on youth soccer participation,110,youth_dropped,,Kenner soccer academy one location,2025,PROJECTPLAY_SOP2025,"EQUITY FACTOR: 110 youth dropped from one Louisiana soccer academy due to immigration enforcement concerns; summer program attendance down in LA; illustrates non-economic barriers to access for immigrant communities"
ST225,College,Scholarship,NCAA D1 men soccer scholarship rule change 2025-26,,,"Remove equivalency limits, 28-player roster cap",2025-26 season,2025,NCAA_RULE_CHANGE_2025,"CRITICAL CHANGE: Starting 2025-26, NCAA D1 men's soccer removes scholarship limits (was 9.9 equivalencies); teams capped at 28-player roster; allows full scholarships for all if budget permits; does not guarantee increased spending — schools constrained by budget, not just rules; changes ROI math for D1 target families"
ST226,College,Scholarship,NCAA D1 women soccer scholarship rule change 2025-26,,,"Remove equivalency limits, 28-player roster cap",2025-26 season,2025,NCAA_RULE_CHANGE_2025,"CRITICAL CHANGE: Starting 2025-26, NCAA D1 women's soccer removes scholarship limits (was 14.0 equivalencies); roster cap 28; parallel to men's change; under House settlement revenue-sharing framework"
ST227,College,Scholarship,Average NCAA soccer scholarship amount women,18800,USD/year,,Across D1 men and women,2024,NCSASPORTS_2024,"REAL DATA: Average scholarship ~$18,800 for women, ~$17,700 for men (total annual aid); D1 men average per player $8,457/year; reflects partial scholarships across full roster"
ST228,College,Scholarship,Average NCAA D1 men soccer scholarship per player,8457,USD/year,,D1 men soccer,2024,NCSASPORTS_2024,"REAL DATA: D1 men average $8,457/year per scholarship recipient; reflects that 9.9 equivalencies split among ~28-35 players = partial scholarships; compares unfavorably to T3 career cost of $56K"
ST229,Professional,NWSL,NWSL minimum salary 2025,48500,USD/year,,NWSL players,2025,NWSL_CBA_2024,"REAL DATA: NWSL minimum salary $48,500 in 2025 (new CBA signed 2024, effective through 2030); previous minimum $37,856 in 2024; growing to $82,500 by 2030 under new agreement"
ST230,Professional,NWSL,NWSL average salary 2023,65000,USD/year,,All NWSL players,2023,NWSL_CBA_2024,"REAL DATA: NWSL league average salary ~$65,000 in 2023; team salary cap $3.3M in 2025 rising to $5.1M by 2030; significant gap vs men's MLS ($325K median)"
ST231,Professional,NWSL,NWSL team salary cap 2025,3300000,USD,,Per team cap,2025,NWSL_CBA_2024,"REAL DATA: NWSL team salary cap $3.3M in 2025; 12 teams × $3.3M / ~24 players per roster = average ~$137,500 gross per team slot; implies average player salary ~$65-90K; roughly 1/5 of MLS cap"
ST232,Cost,Geographic,Most expensive city for club soccer NYC annual range,12000,USD/year_high,,"New York City competitive club soccer",2026,ANYTIME_SOCCER_2026,"REAL DATA: NYC most expensive US city for club soccer — $5,000-$12,000+/year; NYC field rental $300-500/hour drives cost; coastal market premium"
ST233,Cost,Geographic,Least expensive city for club soccer Oklahoma City annual range,2200,USD/year_high,,"Oklahoma City competitive club soccer",2026,ANYTIME_SOCCER_2026,"REAL DATA: Oklahoma City least expensive major market — $800-$2,200/year; field rental $50-100/hour vs NYC $300-500; confirms 5-6x geographic cost spread for equivalent tier"
ST234,Cost,Geographic,City-by-city most expensive clubs 2026,,,,"NYC SF Bay LA Boston DC Seattle San Diego Chicago Miami Denver",2026,ANYTIME_SOCCER_2026,"GEOGRAPHIC RANKING (most expensive): 1.NYC $5K-$12K; 2.SF Bay $4.5K-$10K; 3.LA $4K-$9K; 4.Boston $4K-$8.5K; 5.DC $3.5K-$8K; 6.Seattle $3.5K-$7.5K; 7.San Diego $3.5K-$7K; 8.Chicago $3.2K-$7K; 9.Miami $3K-$6.5K; 10.Denver $3K-$6.5K"
ST235,Cost,Geographic,City-by-city least expensive clubs 2026,,,,"Oklahoma City Wichita Little Rock El Paso Boise Des Moines Omaha Tulsa Albuquerque Memphis",2026,ANYTIME_SOCCER_2026,"GEOGRAPHIC RANKING (least expensive): 1.OKC $800-$2.2K; 2.Wichita $900-$2.4K; 3.Little Rock $1K-$2.5K; 4.El Paso $1K-$2.6K; 5.Boise $1.1K-$2.7K; 6.Des Moines $1.2K-$2.8K; 7.Omaha $1.2K-$2.9K; 8.Tulsa $1.3K-$3K; 9.Albuquerque $1.3K-$3.1K; 10.Memphis $1.4K-$3.2K"
ST236,College,Access,Share of high school soccer players who reach any college level,8.5,percent,,"All HS soccer players",2025,SOLSTICEFC_2025,"REAL DATA: 7-10% of HS soccer players advance to any college level (all divisions); only 1.1% play D1; establishes funnel from HS to college"
ST237,College,Access,Share of high school soccer players who play D1,1.1,percent,,"All HS soccer players",2025,SOLSTICEFC_2025,"REAL DATA: ~1.1% of high school soccer players play Division I; confirms D1 as extremely selective outcome; context: 730K HS players → ~8K D1 spots = 1.1%"
ST238,Cost,Elite,Elite soccer career investment range (ages 12-18),69000,USD_high,,"6-year elite career estimate",2025,SOLSTICEFC_2025,"REAL DATA: 6-year elite career cost $48K-$90K; validates our T3 estimate ($55K-$69K); high end aligns with supplemental training included; represents realistic range for committed elite families"
ST239,International,Germany,Germany youth soccer annual cost community club,42,EUR/year,,"Children under 18 at German community clubs",2024,BIGSOCCER_GERMANY,"REAL DATA: German youth club membership averages €3.50/month = €42/year (~$46) for children; includes coaching, insurance, jersey, shorts, socks, training equipment; only extra cost is shoes; DFB source"
ST240,International,Germany,Germany DFB talent center program cost to families,0,EUR/year,22000,"Kids ages 11-14 in DFB talent programs",2024,ANYTIME_SOCCER_INTL,"REAL DATA: DFB Talent Development Programme serves 22,000 kids at 390 regional talent centers with 1,200 federation-employed coaches — fully government-funded; families pay €0 on top of regular club; this is Germany's version of elite development (equivalent to US T2-T3)"
ST241,International,England,England youth soccer grassroots annual cost,230,GBP/year,,"Amateur grassroots clubs",2024,ANYTIME_SOCCER_INTL,"REAL DATA: £185-275/year (~$235-350) for grassroots English youth club soccer; ~£5/week for training and matches; includes FA affiliation, league fees, kit, facility access; professional club academies are fully funded by the club"
ST242,International,Spain,Spain youth soccer annual cost amateur level,750,EUR/year,,"Spanish amateur youth clubs (midpoint of €500-1,000)",2024,ANYTIME_SOCCER_INTL,"REAL DATA: €500-1,000/year for Spanish amateur youth soccer; La Liga professional academies are club-funded and free to selected players (La Masia model)"
ST243,International,Brazil,Brazil professional youth academy cost to families,0,USD/year,,"Pro club academy (categorias de base)",2024,ANYTIME_SOCCER_INTL,"REAL DATA: Brazilian professional club academies (categorias de base) are free to players — club-funded with professional coaching, housing, education support at residential programs; street football also produces talent at zero cost"
ST244,International,Comparison,US is only country with paid intensive middle tier,,,,"No parallel in Germany, England, Spain, Brazil",2024,ANYTIME_SOCCER_INTL,"CRITICAL STRUCTURAL FINDING: 'The US is the only place where you can pay for intensive programming without being selected by a professional club.' In every other major soccer nation, the equivalent of T2-T3 training intensity requires selection to a professional academy (free but selective). The US invented a commercial middle tier that families pay for without club selection."
ST245,International,Comparison,Germany vs US youth soccer annual cost ratio,130,x_cheaper_than_US,,"Germany €42/yr vs US T3 $5,500/yr",2024,DERIVED,"DERIVED: Germany community club €42/yr (~$46) vs US T3 minimum ~$5,500/yr = ~120-130x cost differential for comparable developmental environment; Germany produces world-class international players from this model while US produces fewer pros per capita despite 120x higher family investment"
ST246,College,Transfer Portal,D1 men's soccer annual portal entries,650,players/year,206 programs,"D1 men's soccer all programs",2025,ENYSOCCER_2026,"REAL DATA: ~600-700 players enter D1 men's soccer transfer portal annually across 206 programs; represents 6-7% annual roster turnover; data from enysoccer.com analysis Jan 2026; portal entries more than doubled since 2018"
ST247,College,Transfer Portal,Share of D1 men's soccer roster spots reserved for transfers,27.5,percent,,"D1 men's soccer coaching survey",2025,ENYSOCCER_2026,"REAL DATA: Coaches reserve 25-30% of roster spots for portal transfers; means ~1 in 4 college soccer spots now go to transfer portal not HS recruiting; direct displacement of high school recruits from scholarship pipeline"
ST248,College,Transfer Portal,International player share of D1 men's soccer rosters,32.5,percent,,"D1 men's soccer rosters 2025",2025,ENYSOCCER_2026,"REAL DATA: International players comprise 30-35% of D1 men's soccer rosters; combined with transfer portal (25-30% of spots), high school US recruits now compete for less than half of available D1 men's soccer spots"
ST249,College,Transfer Portal,Portal entrant success rate finding new program,50,percent,,"All D1 portal entrants",2025,ENYSOCCER_2026,"REAL DATA: Half of all athletes who enter the transfer portal do not end up attending another school; high-profile outcome bias causes families to overestimate portal success rate; entry ≠ placement"
ST250,College,Transfer Portal,Growth in D1 men's soccer portal entries since 2018,100,percent_increase,,"D1 men's soccer",2025,ENYSOCCER_2026,"REAL DATA: D1 men's soccer portal entries more than doubled since 2018; accelerated significantly after one-time transfer rule (2021) and unlimited transfers (2024); coaching philosophy shift from 'developing potential' to 'recruiting ready players'"
ST251,College,Transfer Portal,Estimated share of D1 spots available to HS recruits given portal and international competition,40,percent,,"D1 men's soccer 2025",2025,DERIVED,"DERIVED: Portal takes 25-30% of spots, international takes 30-35% of spots; overlap some but conservatively HS recruits compete for ~40% of available D1 spots; narrows effective HS recruit pipeline further below the 1.1% overall HS-to-D1 rate"
ST252,Professional,MLS Draft,MLS draft pick survival rate to active 2026 roster (2020-2025 picks),21.2,percent,490 picks analyzed,"MLS SuperDraft 2020-2025 vs Capology 2026",2026,CAPOLOGY_SURVIVAL,"REAL DATA: Cross-referenced all 490 MLS SuperDraft picks from 2020-2025 against complete Capology 2026 active MLS salary database (824 players); only 104 of 490 picks (21.2%) remain on an active MLS roster in 2026; 78.8% are no longer in MLS"
ST253,Professional,MLS Draft,R1 pick survival rate to active 2026 MLS roster,36.1,percent,169 R1 picks,"MLS 2020-2025 R1 picks",2026,CAPOLOGY_SURVIVAL,"REAL DATA: 61 of 169 first-round MLS draft picks from 2020-2025 remain on active MLS rosters in 2026; even top-rated college soccer players face 64% attrition rate within 1-6 years; survival rate computed via Capology 2026 salary cross-reference"
ST254,Professional,MLS Draft,R2 pick survival rate to active 2026 MLS roster,15.6,percent,167 R2 picks,"MLS 2020-2025 R2 picks",2026,CAPOLOGY_SURVIVAL,"REAL DATA: Only 26 of 167 second-round MLS draft picks from 2020-2025 remain on active MLS rosters in 2026 = 15.6% survival rate; drop-off from R1 (36%) to R2 (16%) represents career-value cliff for college prospects"
ST255,Professional,MLS Draft,R3 pick survival rate to active 2026 MLS roster,12.3,percent,138 R3 picks,"MLS 2020-2025 R3 picks",2026,CAPOLOGY_SURVIVAL,"REAL DATA: Only 17 of 138 third-round MLS draft picks from 2020-2025 remain on active MLS rosters in 2026 = 12.3% survival; third round picks have barely better than 1-in-8 chance of establishing sustained MLS career"
ST256,Professional,MLS Draft,2020 draft class survival to active 2026 MLS roster,14.3,percent,77 picks,"MLS 2020 draft class",2026,CAPOLOGY_SURVIVAL,"REAL DATA: 6 years after being drafted, only 11 of 77 players from the 2020 MLS SuperDraft remain on active MLS rosters in 2026 = 14.3%; gives clearest picture of long-term career odds since class has had 6 full seasons to establish or not"
ST257,Professional,MLS Draft,2021 draft class survival to active 2026 MLS roster,12.2,percent,74 picks,"MLS 2021 draft class",2026,CAPOLOGY_SURVIVAL,"REAL DATA: 5 years after being drafted, only 9 of 74 players from 2021 MLS SuperDraft remain on active MLS rosters in 2026 = 12.2%; lowest survival of any class analyzed; includes high-profile picks like Daniel Pereira (#1) and Jackson Ragen (#33) who both survived"
ST258,Professional,MLS Draft,MLS draft picks NOT on active roster 6 years later (2020 class),85.7,percent,77 picks,"MLS 2020 draft class",2026,CAPOLOGY_SURVIVAL,"DERIVED: Inverse of ST256; 85.7% of 2020 MLS draft picks are NOT on an active MLS roster by 2026; typical narrative around the draft obscures this massive attrition rate; relevant for families investing in pro pathway"
ST259,Professional,MLS Salary,MLS minimum annual salary 2026,88025,USD per year,,"Capology MLS 2026",2026,CAPOLOGY_SURVIVAL,"REAL DATA: MLS minimum salary is $88,025/year ($1,693/week) per Capology 2026 data; approximately 130 players (15.8% of active roster) earn at or near this minimum; median MLS salary ~$250-350K; comparing to investment of $50K+ in youth club soccer understates ROI problem"
ST260,Professional,MLS Draft,US player survival rate in MLS draft to 2026 active roster,24.3,percent,301 US picks,"MLS draft 2020-2025",2026,CAPOLOGY_SURVIVAL,"REAL DATA: 73 of 301 US-nationality MLS draft picks from 2020-2025 remain on active 2026 MLS rosters = 24.3%; slightly higher survival than international picks (16.4%) possibly because US players are more likely to stick on rosters; does not account for players who went abroad"
ST261,Professional,MLS Draft,International player survival rate in MLS draft to 2026 active roster,16.4,percent,189 international picks,"MLS draft 2020-2025",2026,CAPOLOGY_SURVIVAL,"REAL DATA: 31 of 189 internationally-born MLS draft picks from 2020-2025 remain on active 2026 MLS rosters = 16.4%; international picks have lower retention possibly because they return abroad or find better opportunities in other leagues; complicates US pathway story"
ST262,Professional,MLS Salary,Median annual salary of MLS draft survivors (2020-2025 picks active 2026),113412,USD per year,104 survivors,"Capology 2026 x draft survival analysis",2026,CAPOLOGY_SURVIVAL,"REAL DATA: Of 104 MLS draft picks from 2020-2025 who remain on active MLS rosters in 2026, the median annual salary is $113,412/year; 35% earn MLS minimum ($88K-$113K), 77% earn below $300K; only 8 players (7.7% of survivors, 1.6% of all draft picks) earn $600K+"
ST263,Professional,MLS Salary,Share of MLS draft survivors earning at or near league minimum,35,percent,104 survivors,"Capology 2026 x draft survival analysis",2026,CAPOLOGY_SURVIVAL,"REAL DATA: 36 of 104 MLS draft survivors from 2020-2025 earn $88K-$113K (MLS minimum band); these players represent the 'floor' of MLS careers — the best-case outcome for players who were drafted but haven't broken through to a meaningful contract"
ST264,Professional,MLS Salary,Share of MLS draft survivors earning below $300K/year,77,percent,104 survivors,"Capology 2026 x draft survival analysis",2026,CAPOLOGY_SURVIVAL,"REAL DATA: 80 of 104 MLS draft survivors from 2020-2025 earn below $300K/year; median survival salary ($113K) is roughly equivalent to a first-year software engineer in most US cities; 'making it' in MLS typically means earning far less than the investment required to get there"
ST265,Professional,MLS Salary,Share of all MLS draft picks (2020-2025) earning $600K+ in 2026,1.6,percent,490 total picks,"Capology 2026 x draft survival analysis",2026,DERIVED,"DERIVED: Only 8 of 490 MLS draft picks from 2020-2025 earn $600K+ per year in 2026 = 1.6%; represents the 'successful professional career' threshold above median US household income; roughly equivalent to top-25% of MLS roster earners"
ST266,Cost,MLS NEXT,Annual club fee range for independent MLS NEXT (Academy Division) clubs,4000,USD/year,,Independent non-MLS MLS NEXT clubs (pay-to-play),2026,MLSNEXT_VIDEO,"SOURCE: recruiting advisor video 'Is MLS Next Actually Worth the Money?' 2026; range $4000-$10000/yr depending on club and location; distinct from free MLS pro academies"
ST267,Cost,MLS NEXT,Annual club fee range for independent MLS NEXT (Academy Division) clubs — high end,10000,USD/year,,Independent non-MLS MLS NEXT clubs (pay-to-play),2026,MLSNEXT_VIDEO,"Upper end $10000/yr; some top independent clubs approaching ECNL/elite tier pricing"
ST268,Cost,MLS NEXT,Total 6-year club fee investment (U13-U19) at independent MLS NEXT club,24000,USD,,,2026,MLSNEXT_VIDEO,"Low end: 6 years x $4000 = $24000 club fees only"
ST269,Cost,MLS NEXT,Total 6-year club fee investment (U13-U19) at independent MLS NEXT club — high end,60000,USD,,,2026,MLSNEXT_VIDEO,"High end: 6 years x $10000 = $60000 club fees only"
ST270,Cost,MLS NEXT,Annual travel cost at independent MLS NEXT club,3000,USD/year,,Tournaments + showcases (flights/hotels/food),2026,MLSNEXT_VIDEO,"Range $3000-$8000/yr; showcases (MLS Next Fest / MLS Next Cup) are where college coaches attend"
ST271,Cost,MLS NEXT,Total all-in investment over 6 years (U13-U19) at independent MLS NEXT club — low,40000,USD,,,2026,MLSNEXT_VIDEO,"Low: 6yr fees + 6yr travel at minimums"
ST272,Cost,MLS NEXT,Total all-in investment over 6 years (U13-U19) at independent MLS NEXT club — high,100000,USD,,,2026,MLSNEXT_VIDEO,"High end: 6yr fees + 6yr travel at maximums; some families spend $100k+ by high school graduation"
ST273,Cost,MLS NEXT,MLS academy (Homegrown Division) per-player annual investment by club,50000,USD/year per player,,MLS pro academies only (free to players),2026,MLSNEXT_FB,"Source: Facebook thread / Pernilla Peterson (MLS academy parent 3 seasons); $50k+ per player when factoring facilities/coaching/trainers/mental performance/gear/flights/hotels; creates institutional pressure to cut players on club's timeline not player's"
ST274,Recruiting,MLS NEXT,D1 coach attendance duration at MLS Academy vs Academy Division games at showcases,90,minutes,,MLS Academy games at MLS NEXT showcases,2026,MLSNEXT_VIDEO,"At MLS Academy games: D1 coaches watch full 90 min, take notes, evaluate; at Academy Division (independent) games: coaches watch 10-15 min then leave; same event same MLS NEXT logo — vastly different exposure"
ST275
ST276,Programs,N1L/NPL,NPL and USYS National League merger into unified N1L platform start year,2026,year,,,2025,USYS_USCLUB_ANNOUNCEMENT,"CONFIRMED: US Youth Soccer and US Club Soccer announced NPL + National League merge into single unified National 1 League (N1L) platform beginning 2026-27; result of nearly two years of dialogue; eliminates parallel overlapping structures"
ST277,Programs,N1L/NPL,N1L total teams estimate,10000,teams,,,2026,USYS_USCLUB_ANNOUNCEMENT,"REAL DATA: Combined NPL + National League produces ~10000 teams across N1L platform; ~150000 players; 8 geographic conferences"
ST278,Programs,N1L/NPL,ECNL-RL and NPL integrated postseason launch year,2026,year,,,2025,USYS_USCLUB_ANNOUNCEMENT,"CONFIRMED: ECNL Regional League and NPL will share integrated postseason starting 2026-27; NPL qualifiers face ECNL-RL qualifiers; connects club-based (ECNL) and team-based (NPL/N1L) platforms under Pathway Strategy"
ST279,Programs,N1L/NPL,N1L fee structure characteristic,,,Club-by-club regional,,,2026,USYS_USCLUB_ANNOUNCEMENT,"KEY FINDING for fee research: N1L/NPL fees are set independently by each club; no central fee schedule; regional operators (SoCal Soccer League AZ Soccer Association etc) run local competitions; typical T2 range $2000-5000/yr all-in; affordability is stated goal of N1L platform"
ST280,Programs,Pathway,US Soccer Pathway Strategy scope,,,School-year age groups returning 2026-27,,,2025,USYS_USCLUB_ANNOUNCEMENT,"STRUCTURAL CHANGE: US Youth Soccer + US Club Soccer + AYSO all returning to school-year age groups in 2026-27 (Aug 1-Jul 31 matrix); aligns with N1L launch; major coordination across all three governing bodies simultaneously",Recruiting,MLS NEXT,D1 coach attendance duration at independent MLS NEXT games at showcases,12,minutes,,Academy Division games at MLS NEXT showcases,2026,MLSNEXT_VIDEO,"Approximate median; coaches showed up, watched 10-15 min, then left per direct observation"
ST281,Programs,Parks/Rec,LA Parks soccer programs total,272,programs,,,2026,LA_PARKS_API,"SCRAPED DATA: LA Recreation & Parks offers 272 Soccer Futsal programs as of June 2026; scraped via CloudFront API (dakzpcpfg1kqc.cloudfront.net); includes leagues clinics camps and skills classes"
ST282,Programs,Parks/Rec,LA Parks soccer unique facilities,102,facilities,,,2026,LA_PARKS_API,"SCRAPED DATA: 272 soccer programs span 102 unique recreation centers and parks across Los Angeles; 74 facilities offer $10 PlayLA youth programs"
ST283,Cost,Parks/Rec,LA Parks PlayLA youth soccer fee,$10,USD/season,,,2026,LA_PARKS_API,"VERIFIED: PlayLA soccer programs priced at $10/player for ages 3-15; confirmed via API data; 700 of 1015 total sections priced at $10; free (GPLA) sections also available for low-income youth"
ST284,Programs,Parks/Rec,National parks/rec soccer participation,,,Not centrally tracked,,,2026,ANALYSIS,"FINDING: No reliable national figure exists for city/county parks soccer; USYS 2.6M total includes all affiliations; SFIA 14.1M outdoor soccer includes all ages/genders/levels; prior 3M+ city parks estimate unsupported"
ST285,Programs,Parks/Rec,LA Parks total soccer player spots,27035,spots,,,2026,LA_PARKS_API,"REAL DATA: Sum of available_spots across all 272 programs and 1015 sections via /api/activities/{code}/sections endpoint; summer 2026 registration not yet filled so available=capacity; 19155 spots at $10 (PlayLA youth) + 6745 free (GPLA low-income) + 1135 adult/other"
ST286,Cost,MLS Next,MLS Next HD club registration fee range (community),3000,USD/year,,Parents of MLS Next HD players across US,2025,FACEBOOK_COMMUNITY_2025,"COMMUNITY DATA: Club registration fees range $3000-$4850/yr; separate MLS Next team competition fee ~$1700 billed after registration (FL parent confirmed); total fee paid to club+league $3000-$5300 before travel or gear"
ST287,Cost,MLS Next,MLS Next HD fee by region,,,NJ $2400-3500 low / FL-MI $4000-5000 high,,2025,FACEBOOK_COMMUNITY_2025,"COMMUNITY DATA: Geographic variation significant; NJ lowest at $2400-3500; Michigan and Florida $4000-5000+; Seattle ~$3000 but travel to $15k; confirms no central fee schedule"
ST288,Cost,MLS Next,MLS Next HD all-in annual cost (community),18000,USD/year,,Parents of MLS Next HD players,2025,FACEBOOK_COMMUNITY_2025,"COMMUNITY DATA: Single player $9000-18000+/yr all-in; FL family paid $36000 for 2 players in 2023/24 season; travel is largest variable component; uniform kit $400-1098; away games require hotel stays"
ST289,Cost,MLS Next,MLS Next uniform kit cost,749,USD,,Community-reported range,2025,FACEBOOK_COMMUNITY_2025,"COMMUNITY DATA: Uniform kit ranges $400-1098; one parent reported $1098 full kit; another $400; not included in standard club fee quote"
